State,Visits,Best_Action,Best_Q_Value
"(5, 4, 5, 5, 0, 0, 1)",2392,Assign_Doctor,955.93
"(5, 4, 5, 5, 0, 0, 2)",2198,Assign_Doctor,933.354
"(4, 4, 5, 5, 0, 0, 1)",1954,Assign_Doctor,944.989
"(4, 4, 5, 5, 0, 0, 2)",1838,Assign_Bed,898.232
"(5, 5, 5, 5, 0, 0, 1)",1788,Assign_Doctor,991.077
"(5, 4, 5, 5, 0, 0, 3)",1761,Assign_Bed,918.407
"(5, 5, 5, 5, 0, 0, 2)",1605,Assign_Doctor,995.176
"(5, 4, 5, 5, 0, 1, 1)",1451,Assign_Doctor,822.201
"(4, 4, 5, 5, 0, 1, 1)",1433,Assign_Doctor,862.413
"(4, 4, 5, 5, 0, 0, 3)",1373,Assign_Bed,923.688
"(4, 4, 5, 5, 0, 1, 2)",1356,Assign_Doctor,866.603
"(5, 5, 5, 5, 0, 0, 3)",1324,Assign_Bed,961.675
"(5, 4, 5, 5, 0, 1, 2)",1271,Assign_Nurse,762.983
"(5, 5, 5, 5, 0, 1, 1)",1125,Assign_Bed,727.862
"(4, 4, 5, 5, 0, 1, 3)",1092,Assign_Doctor,872.724
"(5, 5, 5, 5, 0, 1, 2)",1051,Assign_Doctor,823.209
"(5, 4, 5, 5, 0, 2, 1)",1029,Assign_Doctor,793.677
"(5, 4, 5, 5, 0, 1, 3)",998,Assign_Bed,838.541
"(5, 4, 5, 5, 0, 2, 2)",920,Assign_Bed,770.424
"(4, 5, 5, 5, 0, 0, 1)",917,Assign_Doctor,987.793
"(4, 4, 5, 5, 0, 2, 1)",794,Assign_Doctor,822.734
"(4, 5, 5, 5, 0, 0, 2)",781,Assign_Doctor,986.387
"(5, 3, 5, 5, 0, 3, 1)",781,Assign_Bed,573.856
"(5, 4, 5, 5, 0, 0, 4)",768,Assign_Bed,958.809
"(5, 5, 5, 5, 0, 1, 3)",743,Assign_Nurse,761.754
"(4, 5, 5, 5, 0, 1, 1)",738,Assign_Bed,799.51
"(5, 4, 5, 5, 0, 2, 3)",732,Assign_Bed,797.443
"(5, 3, 5, 5, 0, 3, 2)",684,Assign_Doctor,659.103
"(4, 5, 5, 5, 0, 0, 3)",666,Assign_Doctor,993.221
"(4, 4, 5, 5, 0, 2, 2)",666,Assign_Doctor,815.511
"(5, 3, 5, 5, 0, 2, 1)",652,Assign_Nurse,659.339
"(4, 4, 5, 5, 0, 0, 4)",634,Assign_Doctor,938.062
"(4, 5, 5, 5, 0, 1, 2)",600,Assign_Doctor,856.384
"(5, 3, 5, 5, 0, 2, 2)",589,Assign_Nurse,632.782
"(5, 3, 5, 5, 0, 0, 1)",552,Assign_Bed,759.482
"(4, 3, 5, 5, 0, 2, 1)",540,Assign_Doctor,754.344
"(5, 5, 5, 5, 0, 0, 4)",527,Assign_Bed,999.049
"(5, 3, 5, 5, 0, 3, 3)",525,Assign_Doctor,671.737
"(4, 5, 5, 5, 0, 1, 3)",523,Assign_Doctor,878.574
"(4, 4, 5, 5, 0, 2, 3)",519,Assign_Doctor,826.036
"(5, 3, 5, 5, 0, 0, 2)",518,Assign_Doctor,806.294
"(4, 3, 5, 5, 0, 2, 2)",518,Assign_Doctor,725.704
"(5, 4, 5, 5, 0, 3, 1)",506,Assign_Doctor,700.98
"(4, 3, 5, 5, 0, 1, 1)",486,Assign_Bed,750.444
"(5, 4, 5, 5, 0, 3, 2)",478,Assign_Doctor,695.04
"(4, 3, 5, 5, 0, 1, 2)",475,Assign_Bed,734.178
"(4, 4, 5, 5, 0, 1, 4)",470,Assign_Bed,888.499
"(5, 3, 5, 5, 0, 2, 3)",467,Assign_Bed,729.256
"(5, 4, 5, 5, 0, 1, 4)",456,Assign_Bed,852.239
"(4, 5, 5, 5, 0, 2, 1)",437,Assign_Doctor,815.12
"(5, 5, 5, 5, 0, 2, 1)",437,Assign_Bed,680.095
"(5, 3, 5, 5, 0, 1, 1)",417,Assign_Doctor,774.673
"(5, 4, 5, 5, 1, 3, 1)",398,Assign_Bed,472.706
"(4, 3, 5, 5, 0, 2, 3)",391,Assign_Doctor,718.789
"(5, 3, 5, 5, 0, 1, 2)",375,Assign_Doctor,728.351
"(4, 5, 5, 5, 0, 2, 2)",374,Assign_Bed,730.793
"(5, 5, 5, 5, 0, 2, 2)",372,Assign_Bed,740.457
"(4, 3, 5, 5, 0, 0, 1)",371,Assign_Doctor,735.612
"(5, 4, 5, 5, 0, 0, 0)",369,Assign_Bed,891.244
"(5, 5, 5, 5, 0, 1, 4)",364,Assign_Bed,835.266
"(5, 4, 5, 5, 0, 3, 3)",363,Assign_Nurse,537.853
"(5, 3, 5, 5, 0, 0, 3)",359,Assign_Doctor,828.001
"(5, 4, 5, 5, 1, 3, 2)",355,Assign_Doctor,517.906
"(5, 4, 5, 5, 1, 5, 1)",348,Assign_Doctor,499.631
"(5, 2, 5, 5, 0, 3, 1)",346,Assign_Bed,535.379
"(5, 5, 5, 5, 0, 2, 3)",342,Assign_Doctor,798.082
"(5, 2, 5, 5, 0, 3, 2)",339,Assign_Bed,538.595
"(4, 3, 5, 5, 0, 1, 3)",334,Assign_Bed,767.745
"(4, 3, 5, 5, 0, 0, 2)",333,Assign_Bed,739.611
"(4, 5, 5, 5, 0, 2, 3)",329,Assign_Bed,761.632
"(4, 4, 5, 5, 0, 0, 0)",321,Assign_Doctor,911.723
"(5, 4, 5, 5, 0, 2, 4)",313,Assign_Bed,818.028
"(5, 4, 5, 5, 1, 5, 2)",312,Assign_Doctor,497.003
"(5, 4, 5, 5, 1, 2, 1)",303,Assign_Bed,361.619
"(5, 4, 5, 5, 1, 2, 2)",295,Assign_Bed,372.955
"(4, 4, 5, 5, 0, 3, 1)",293,Assign_Doctor,634.854
"(5, 5, 5, 5, 0, 0, 0)",292,Assign_Bed,933.332
"(4, 3, 5, 5, 0, 3, 1)",291,Assign_Doctor,597.481
"(4, 5, 5, 5, 0, 0, 4)",290,Assign_Doctor,980.936
"(5, 4, 5, 5, 1, 5, 3)",288,Assign_Nurse,388.994
"(5, 3, 5, 5, 0, 1, 3)",286,Assign_Bed,739.861
"(4, 4, 5, 5, 1, 2, 1)",284,Assign_Doctor,420.103
"(5, 4, 5, 5, 0, 4, 1)",284,Assign_Bed,341.154
"(5, 4, 5, 5, 1, 3, 3)",277,Assign_Doctor,499.27
"(4, 3, 5, 5, 1, 5, 1)",275,Assign_Doctor,476.655
"(4, 2, 5, 5, 0, 2, 1)",272,Assign_Doctor,564.392
"(4, 4, 5, 5, 1, 3, 2)",270,Assign_Bed,479.803
"(5, 1, 5, 5, 0, 1, 1)",268,Assign_Doctor,424.788
"(4, 3, 5, 5, 0, 3, 2)",264,Assign_Ventilator,511.679
"(5, 4, 5, 5, 0, 4, 2)",264,Assign_Bed,400.759
"(5, 3, 5, 5, 1, 3, 1)",264,Assign_Bed,352.592
"(5, 2, 5, 5, 0, 3, 3)",262,Assign_Doctor,587.609
"(4, 3, 5, 5, 1, 5, 2)",262,Assign_Bed,453.287
"(5, 3, 5, 5, 1, 5, 1)",261,Assign_Bed,412.663
"(5, 4, 5, 5, 1, 1, 1)",260,Assign_Doctor,473.861
"(5, 1, 5, 5, 0, 1, 2)",256,Assign_Bed,401.994
"(5, 4, 4, 5, 0, 1, 1)",254,Assign_Bed,641.389
"(5, 3, 5, 5, 0, 3, 4)",254,Assign_Bed,614.416
"(5, 2, 5, 5, 0, 2, 1)",251,Assign_Bed,532.887
"(4, 2, 5, 5, 0, 2, 2)",248,Assign_Doctor,524.921
"(4, 4, 5, 5, 1, 3, 1)",247,Assign_Doctor,525.328
"(5, 3, 5, 5, 0, 2, 4)",245,Assign_Bed,731.609
"(5, 3, 5, 5, 1, 5, 2)",245,Assign_Bed,432.234
"(5, 4, 5, 5, 1, 1, 2)",244,Assign_Nurse,357.881
"(5, 4, 4, 5, 0, 0, 1)",242,Assign_Nurse,706.071
"(5, 2, 5, 5, 0, 0, 1)",240,Assign_Doctor,581.23
"(5, 2, 5, 5, 0, 1, 1)",237,Assign_Doctor,592.519
"(5, 3, 5, 5, 0, 4, 2)",236,Assign_Doctor,488.365
"(5, 1, 5, 5, 0, 0, 1)",236,Assign_Bed,424.174
"(4, 4, 5, 5, 0, 3, 2)",235,Assign_Doctor,622.516
"(4, 4, 5, 5, 1, 2, 2)",235,Assign_Doctor,433.831
"(4, 4, 5, 5, 0, 1, 0)",233,Assign_Doctor,827.191
"(5, 3, 5, 5, 0, 4, 1)",231,Assign_Doctor,510.362
"(4, 2, 5, 5, 0, 4, 1)",230,Assign_Doctor,481.692
"(5, 3, 5, 5, 0, 5, 1)",230,Assign_Doctor,388.447
"(4, 3, 5, 5, 1, 5, 3)",228,Assign_Bed,432.535
"(4, 2, 5, 5, 0, 4, 2)",225,Assign_Bed,461.192
"(5, 4, 4, 5, 0, 1, 2)",224,Assign_Doctor,744.668
"(4, 3, 5, 5, 0, 0, 3)",223,Assign_Doctor,766.386
"(5, 2, 5, 5, 0, 2, 2)",223,Assign_Bed,496.629
"(5, 2, 5, 5, 0, 4, 2)",222,Assign_Doctor,438.0
"(5, 4, 5, 5, 1, 2, 3)",221,Assign_Bed,388.239
"(5, 4, 5, 5, 0, 1, 0)",220,Assign_Doctor,808.669
"(5, 4, 4, 5, 0, 0, 2)",218,Assign_Doctor,792.12
"(4, 4, 5, 5, 1, 5, 1)",218,Assign_Doctor,496.365
"(4, 4, 5, 5, 0, 5, 1)",215,Assign_Bed,187.129
"(4, 2, 5, 5, 0, 3, 1)",214,Assign_Doctor,536.123
"(5, 2, 5, 5, 0, 4, 1)",214,Assign_Bed,421.05
"(4, 4, 5, 5, 0, 3, 3)",212,Assign_Bed,577.434
"(5, 5, 5, 5, 0, 1, 0)",211,Assign_Doctor,808.849
"(5, 5, 5, 5, 1, 2, 1)",210,Assign_Doctor,395.591
"(4, 4, 5, 5, 1, 2, 3)",210,Assign_Nurse,370.56
"(4, 4, 5, 5, 0, 2, 4)",208,Assign_Doctor,823.878
"(5, 1, 5, 5, 0, 0, 2)",208,Assign_Doctor,455.086
"(5, 3, 4, 5, 0, 2, 1)",207,Assign_Doctor,640.104
"(4, 3, 5, 5, 0, 4, 1)",207,Assign_Doctor,543.143
"(4, 4, 5, 5, 1, 3, 3)",207,Assign_Doctor,521.579
"(5, 4, 5, 5, 0, 5, 1)",206,Assign_Doctor,441.354
"(5, 4, 5, 5, 0, 5, 2)",205,Assign_Doctor,461.88
"(5, 3, 5, 5, 1, 3, 2)",205,Assign_Nurse,331.987
"(5, 4, 5, 5, 0, 4, 3)",203,Assign_Doctor,474.658
"(4, 5, 5, 5, 0, 1, 4)",202,Assign_Bed,850.013
"(4, 2, 5, 5, 0, 3, 2)",202,Assign_Doctor,571.375
"(5, 2, 5, 5, 0, 1, 2)",201,Assign_Doctor,545.831
"(5, 1, 5, 5, 0, 1, 3)",201,Assign_Doctor,435.931
"(5, 2, 5, 5, 0, 0, 3)",200,Assign_Doctor,583.51
"(4, 4, 5, 5, 0, 4, 1)",200,Assign_Bed,416.565
"(5, 2, 5, 5, 0, 0, 2)",195,Assign_Doctor,601.092
"(4, 2, 5, 5, 0, 2, 3)",195,Assign_Bed,533.802
"(5, 3, 5, 5, 1, 1, 1)",195,Assign_Doctor,422.018
"(5, 3, 5, 5, 1, 1, 2)",194,Assign_Doctor,434.257
"(5, 5, 5, 5, 1, 2, 2)",194,Assign_Nurse,318.519
"(5, 3, 5, 5, 1, 5, 3)",193,Assign_Doctor,470.642
"(5, 5, 4, 5, 0, 1, 1)",192,Assign_Doctor,775.673
"(5, 4, 5, 5, 1, 4, 1)",190,Assign_Doctor,402.914
"(4, 4, 5, 5, 1, 5, 2)",189,Assign_Doctor,485.654
"(5, 3, 5, 5, 0, 5, 2)",188,Assign_Bed,314.795
"(4, 4, 5, 5, 1, 4, 1)",187,Assign_Doctor,408.951
"(4, 3, 5, 5, 0, 3, 3)",186,Assign_Doctor,627.311
"(4, 4, 5, 5, 0, 4, 2)",186,Assign_Doctor,521.712
"(4, 3, 5, 5, 0, 4, 2)",183,Assign_Doctor,539.235
"(5, 4, 5, 5, 0, 3, 4)",182,Assign_Doctor,672.939
"(5, 5, 4, 5, 0, 1, 2)",180,Assign_Doctor,792.573
"(5, 2, 5, 5, 0, 1, 3)",177,Assign_Bed,530.471
"(4, 4, 5, 5, 0, 4, 3)",174,Assign_Doctor,520.228
"(5, 3, 5, 5, 0, 0, 4)",173,Transfer,723.653
"(4, 4, 5, 5, 1, 4, 2)",170,Assign_Bed,374.809
"(5, 1, 5, 5, 0, 3, 1)",170,Assign_Doctor,371.251
"(5, 4, 5, 5, 0, 2, 0)",169,Assign_Bed,732.714
"(5, 3, 5, 5, 0, 4, 3)",169,Assign_Bed,474.528
"(4, 4, 5, 5, 1, 5, 3)",169,Assign_Bed,451.514
"(5, 4, 5, 5, 1, 1, 3)",168,Assign_Doctor,458.939
"(4, 3, 5, 5, 1, 2, 1)",168,Assign_Bed,335.057
"(4, 3, 5, 5, 0, 2, 4)",167,Assign_Bed,728.903
"(4, 2, 5, 5, 1, 1, 1)",167,Assign_Doctor,338.158
"(5, 3, 5, 5, 1, 3, 3)",166,Assign_Bed,409.604
"(5, 4, 5, 5, 1, 4, 2)",165,Assign_Doctor,439.92
"(5, 1, 5, 5, 0, 3, 2)",165,Assign_Doctor,333.989
"(5, 3, 4, 5, 0, 2, 2)",164,Assign_Bed,603.32
"(5, 2, 5, 5, 0, 2, 3)",163,Assign_Doctor,512.185
"(5, 4, 4, 5, 0, 0, 3)",162,Assign_Doctor,796.169
"(5, 1, 5, 5, 0, 2, 1)",162,Assign_Doctor,337.253
"(4, 5, 5, 5, 1, 3, 1)",162,Assign_Bed,328.016
"(5, 4, 4, 5, 0, 1, 3)",161,Assign_Doctor,755.34
"(5, 4, 5, 5, 0, 5, 3)",161,Assign_Doctor,411.873
"(4, 1, 5, 5, 0, 1, 1)",156,Assign_Bed,378.016
"(5, 1, 5, 5, 0, 0, 3)",155,Assign_Doctor,456.507
"(4, 4, 5, 5, 1, 4, 3)",155,Assign_Bed,401.357
"(5, 4, 5, 5, 1, 4, 3)",154,Assign_Bed,385.056
"(5, 3, 5, 5, 0, 5, 3)",153,Assign_Bed,290.789
"(4, 5, 5, 5, 0, 0, 0)",152,Assign_Doctor,955.597
"(4, 2, 5, 5, 0, 0, 1)",152,Assign_Doctor,465.359
"(4, 2, 5, 5, 0, 4, 3)",150,Assign_Bed,470.27
"(4, 3, 5, 5, 1, 2, 2)",150,Assign_Doctor,374.121
"(5, 3, 5, 5, 0, 3, 0)",149,Assign_Doctor,640.798
"(4, 2, 5, 5, 0, 3, 3)",149,Assign_Bed,522.48
"(4, 5, 5, 5, 1, 3, 2)",147,Assign_Doctor,496.121
"(5, 5, 5, 5, 1, 3, 1)",147,Assign_Doctor,430.561
"(5, 2, 5, 5, 0, 4, 3)",145,Assign_Bed,459.434
"(4, 3, 5, 5, 0, 5, 1)",144,Assign_Nurse,183.27
"(5, 3, 4, 5, 0, 2, 3)",142,Assign_Doctor,630.323
"(4, 1, 5, 5, 0, 1, 2)",142,Assign_Doctor,413.175
"(4, 3, 5, 5, 0, 1, 4)",139,Assign_Bed,740.209
"(5, 0, 5, 5, 0, 0, 1)",139,Assign_Doctor,285.534
"(5, 0, 5, 5, 0, 1, 1)",138,Assign_Bed,339.538
"(4, 2, 5, 5, 1, 1, 2)",138,Assign_Bed,320.664
"(5, 3, 5, 5, 1, 4, 2)",138,Assign_Bed,302.085
"(5, 5, 5, 5, 0, 3, 1)",136,Assign_Bed,381.164
"(5, 3, 5, 5, 1, 2, 1)",136,Assign_Bed,303.636
"(4, 2, 5, 5, 0, 0, 2)",134,Assign_Bed,497.579
"(4, 4, 5, 5, 0, 5, 3)",134,Assign_Bed,220.853
"(5, 5, 4, 5, 0, 1, 3)",131,Assign_Doctor,771.951
"(5, 4, 5, 5, 1, 3, 4)",130,Assign_Bed,506.145
"(5, 3, 5, 5, 1, 1, 3)",130,Assign_Nurse,320.49
"(5, 1, 5, 5, 0, 2, 2)",130,Assign_Bed,317.676
"(4, 4, 5, 5, 0, 5, 2)",130,Assign_Bed,211.101
"(4, 3, 5, 5, 1, 3, 2)",129,Assign_Doctor,387.394
"(4, 3, 5, 5, 1, 3, 1)",129,Assign_Doctor,372.722
"(5, 3, 5, 5, 1, 4, 1)",129,Assign_Doctor,345.148
"(4, 5, 5, 5, 1, 2, 1)",129,Assign_Nurse,281.255
"(5, 5, 5, 5, 0, 2, 4)",128,Assign_Bed,742.73
"(5, 2, 5, 5, 1, 1, 1)",128,Assign_Doctor,354.656
"(4, 5, 5, 5, 0, 3, 1)",126,Assign_Doctor,530.581
"(5, 5, 5, 5, 0, 3, 2)",126,Assign_Bed,423.493
"(5, 5, 5, 5, 1, 3, 2)",126,Assign_Bed,343.216
"(4, 3, 5, 5, 1, 2, 3)",126,Assign_Doctor,343.128
"(5, 0, 5, 5, 1, 5, 1)",126,Assign_Doctor,174.76
"(4, 5, 5, 5, 0, 1, 0)",125,Assign_Doctor,808.144
"(5, 2, 5, 5, 0, 3, 4)",125,Assign_Bed,559.301
"(4, 5, 5, 5, 0, 5, 1)",125,Assign_Nurse,197.278
"(5, 3, 5, 5, 0, 1, 4)",124,Assign_Doctor,714.446
"(4, 3, 5, 5, 0, 4, 3)",124,Assign_Doctor,548.542
"(5, 1, 5, 5, 0, 3, 3)",124,Assign_Bed,385.548
"(5, 5, 4, 5, 0, 0, 2)",123,Assign_Bed,736.518
"(4, 2, 5, 5, 0, 5, 1)",122,Assign_Doctor,365.602
"(4, 1, 5, 5, 0, 2, 1)",122,Assign_Doctor,357.869
"(5, 1, 5, 5, 0, 5, 1)",122,Assign_Doctor,283.304
"(4, 4, 5, 5, 1, 1, 1)",122,Assign_Nurse,244.805
"(4, 5, 5, 5, 1, 3, 3)",121,Assign_Bed,364.127
"(5, 5, 5, 5, 1, 2, 3)",121,Assign_Nurse,295.564
"(4, 3, 5, 5, 0, 0, 4)",120,Assign_Doctor,738.479
"(4, 3, 5, 5, 1, 3, 3)",120,Assign_Doctor,402.639
"(4, 5, 5, 5, 1, 2, 2)",119,Assign_Doctor,412.954
"(5, 5, 4, 5, 0, 0, 1)",117,Assign_Bed,725.401
"(5, 0, 5, 5, 0, 0, 2)",117,Assign_Bed,298.434
"(5, 0, 5, 5, 0, 3, 1)",117,Assign_Bed,258.403
"(4, 3, 5, 5, 0, 5, 2)",117,Assign_Bed,240.043
"(4, 5, 5, 5, 0, 2, 4)",116,Assign_Bed,770.608
"(4, 2, 5, 5, 0, 1, 1)",115,Assign_Doctor,437.722
"(4, 1, 5, 5, 0, 0, 2)",115,Assign_Doctor,361.959
"(4, 0, 5, 5, 0, 0, 1)",115,Assign_Bed,250.496
"(4, 2, 5, 5, 0, 1, 2)",113,Assign_Bed,423.6
"(5, 2, 5, 5, 0, 5, 1)",113,Assign_Doctor,345.032
"(4, 0, 5, 5, 0, 0, 2)",112,Assign_Doctor,269.289
"(4, 1, 5, 5, 0, 1, 3)",111,Assign_Doctor,398.666
"(5, 1, 5, 5, 0, 5, 2)",111,Assign_Doctor,292.346
"(5, 4, 5, 5, 1, 2, 4)",110,Assign_Bed,386.52
"(4, 4, 5, 5, 0, 2, 0)",109,Assign_Doctor,796.161
"(5, 4, 5, 5, 1, 5, 4)",109,Assign_Bed,477.937
"(4, 2, 5, 5, 1, 1, 3)",109,Assign_Bed,317.485
"(4, 0, 5, 5, 0, 3, 1)",108,Assign_Doctor,291.434
"(4, 3, 5, 5, 0, 5, 3)",108,Assign_Bed,230.921
"(5, 3, 5, 5, 1, 2, 2)",107,Assign_Bed,304.451
"(4, 3, 5, 5, 1, 1, 1)",106,Assign_Doctor,375.597
"(4, 0, 5, 5, 0, 1, 2)",106,Assign_Doctor,324.418
"(5, 2, 5, 5, 1, 1, 2)",106,Assign_Bed,283.546
"(4, 5, 5, 5, 0, 5, 2)",105,Assign_Doctor,267.216
"(4, 4, 5, 5, 1, 1, 2)",104,Assign_Doctor,340.311
"(5, 2, 5, 5, 0, 5, 2)",104,Assign_Bed,271.164
"(4, 1, 5, 5, 0, 5, 1)",104,Assign_Doctor,258.387
"(4, 1, 5, 5, 0, 2, 2)",104,Assign_Nurse,248.002
"(4, 1, 5, 5, 0, 5, 2)",104,Assign_Bed,240.077
"(4, 2, 5, 5, 0, 5, 2)",103,Assign_Doctor,368.98
"(5, 0, 5, 5, 0, 1, 2)",103,Assign_Bed,309.953
"(5, 5, 5, 5, 0, 3, 3)",102,Assign_Doctor,604.249
"(5, 4, 5, 5, 2, 5, 1)",101,Assign_Doctor,232.491
"(5, 1, 5, 5, 0, 1, 4)",100,Assign_Doctor,432.692
"(4, 1, 5, 5, 0, 0, 1)",100,Assign_Doctor,359.885
"(4, 0, 5, 5, 0, 1, 1)",100,Assign_Nurse,227.243
"(5, 0, 5, 5, 1, 5, 2)",100,Assign_Doctor,180.228
"(5, 1, 5, 5, 0, 2, 3)",99,Assign_Bed,335.61
"(5, 1, 5, 5, 1, 4, 2)",99,Assign_Doctor,284.552
"(5, 0, 5, 5, 0, 3, 2)",98,Assign_Bed,261.219
"(4, 4, 5, 5, 1, 3, 4)",97,Assign_Bed,504.981
"(5, 4, 5, 5, 1, 1, 4)",97,Assign_Bed,359.146
"(4, 5, 5, 5, 0, 3, 2)",96,Assign_Doctor,590.458
"(4, 2, 5, 5, 1, 3, 2)",96,Assign_Doctor,304.463
"(4, 0, 5, 5, 0, 3, 2)",96,Assign_Doctor,261.539
"(5, 3, 5, 5, 0, 2, 0)",95,Assign_Bed,631.46
"(5, 3, 5, 5, 1, 5, 4)",95,Assign_Bed,446.321
"(5, 0, 5, 5, 0, 1, 3)",95,Assign_Bed,317.272
"(4, 3, 5, 5, 0, 3, 4)",94,Assign_Ventilator,452.069
"(4, 2, 5, 5, 0, 2, 4)",94,Assign_Nurse,449.108
"(4, 2, 5, 5, 0, 0, 3)",94,Assign_Bed,412.317
"(5, 1, 5, 5, 0, 4, 1)",94,Assign_Bed,239.323
"(4, 3, 5, 5, 0, 2, 0)",92,Assign_Bed,661.18
"(4, 1, 5, 5, 0, 3, 2)",92,Assign_Doctor,363.327
"(5, 0, 5, 5, 0, 0, 3)",92,Assign_Bed,267.724
"(4, 5, 5, 5, 0, 5, 3)",92,Assign_Bed,237.359
"(5, 1, 5, 5, 0, 4, 2)",91,Assign_Doctor,279.092
"(5, 5, 4, 5, 0, 0, 3)",90,Assign_Bed,735.678
"(4, 2, 5, 5, 1, 3, 1)",90,Assign_Doctor,310.78
"(5, 1, 5, 5, 1, 4, 1)",90,Assign_Doctor,278.539
"(5, 1, 5, 5, 0, 5, 3)",90,Assign_Bed,244.691
"(5, 4, 4, 5, 0, 1, 4)",89,Assign_Bed,667.599
"(4, 4, 5, 5, 1, 2, 4)",89,Assign_Bed,407.421
"(4, 1, 5, 5, 0, 0, 3)",89,Assign_Bed,354.309
"(5, 3, 5, 5, 1, 4, 3)",89,Assign_Doctor,352.84
"(5, 2, 5, 5, 1, 1, 3)",89,Assign_Bed,323.603
"(5, 3, 5, 5, 0, 0, 0)",88,Assign_Bed,741.979
"(5, 2, 5, 5, 0, 5, 3)",88,Assign_Doctor,355.912
"(4, 3, 5, 5, 1, 1, 2)",88,Assign_Bed,307.089
"(5, 4, 4, 5, 0, 2, 1)",87,Assign_Doctor,628.714
"(5, 2, 5, 5, 0, 1, 4)",87,Assign_Bed,542.833
"(4, 1, 5, 5, 0, 3, 1)",87,Assign_Doctor,361.592
"(5, 2, 5, 5, 1, 4, 1)",87,Assign_Doctor,323.653
"(4, 0, 5, 5, 0, 1, 3)",86,Assign_Bed,276.212
"(4, 5, 5, 5, 0, 3, 3)",85,Assign_Doctor,596.951
"(4, 5, 5, 5, 1, 2, 3)",84,Assign_Bed,331.483
"(5, 1, 5, 5, 1, 5, 1)",84,Assign_Doctor,258.616
"(4, 5, 5, 5, 1, 4, 1)",84,Assign_Bed,240.05
"(5, 4, 5, 5, 0, 3, 0)",83,Assign_Doctor,640.397
"(5, 1, 5, 5, 0, 0, 4)",83,Assign_Bed,403.25
"(5, 3, 5, 5, 1, 2, 3)",83,Assign_Doctor,347.213
"(4, 2, 5, 5, 0, 5, 3)",83,Assign_Bed,305.957
"(4, 4, 5, 5, 1, 1, 3)",83,Assign_Bed,273.311
"(4, 2, 5, 5, 0, 4, 4)",82,Assign_Bed,471.03
"(4, 0, 5, 5, 0, 0, 3)",82,Assign_Doctor,301.959
"(4, 1, 5, 5, 0, 5, 3)",81,Assign_Bed,256.958
"(5, 0, 5, 5, 1, 4, 1)",81,Assign_Doctor,183.177
"(4, 3, 5, 5, 1, 5, 4)",80,Assign_Bed,435.801
"(4, 2, 5, 5, 0, 1, 3)",80,Assign_Bed,420.271
"(5, 4, 5, 5, 0, 4, 4)",80,Assign_Bed,416.403
"(5, 5, 5, 5, 1, 3, 3)",80,Assign_Bed,329.713
"(5, 2, 5, 5, 1, 4, 2)",79,Assign_Doctor,343.842
"(4, 3, 5, 5, 1, 4, 1)",79,Assign_Doctor,316.303
"(5, 3, 5, 5, 0, 5, 4)",79,Assign_Nurse,257.234
"(5, 4, 4, 5, 0, 3, 2)",78,Assign_Doctor,505.398
"(4, 3, 5, 5, 1, 4, 2)",78,Assign_Doctor,313.9
"(5, 5, 5, 5, 0, 4, 2)",77,Assign_Doctor,423.536
"(5, 2, 5, 5, 1, 2, 1)",77,Assign_Doctor,245.635
"(5, 0, 5, 5, 1, 5, 3)",77,Assign_Bed,185.626
"(5, 5, 5, 5, 0, 4, 1)",76,Assign_Doctor,425.743
"(5, 4, 4, 5, 0, 3, 1)",76,Assign_Bed,401.625
"(4, 4, 5, 5, 2, 4, 1)",76,Assign_Bed,96.375
"(4, 4, 5, 5, 0, 3, 4)",75,Assign_Bed,578.001
"(5, 2, 5, 5, 0, 2, 4)",75,Assign_Bed,517.537
"(5, 5, 5, 5, 1, 1, 2)",75,Assign_Bed,311.788
"(5, 3, 5, 5, 0, 4, 4)",74,Assign_Doctor,493.714
"(4, 1, 5, 5, 0, 2, 3)",74,Assign_Bed,364.939
"(4, 0, 5, 5, 0, 3, 3)",74,Assign_Bed,256.162
"(4, 4, 5, 5, 2, 5, 1)",74,Assign_Doctor,212.996
"(4, 3, 5, 5, 0, 1, 0)",73,Assign_Doctor,725.065
"(5, 4, 4, 5, 0, 0, 4)",73,Assign_Doctor,681.19
"(4, 4, 5, 5, 0, 4, 4)",73,Assign_Bed,429.313
"(5, 5, 5, 5, 1, 1, 1)",73,Assign_Doctor,415.871
"(4, 1, 5, 5, 0, 3, 3)",73,Assign_Doctor,368.632
"(5, 1, 5, 5, 2, 5, 1)",73,Assign_Bed,97.342
"(4, 3, 5, 5, 1, 2, 4)",72,Assign_Bed,387.381
"(4, 5, 5, 5, 0, 4, 1)",72,Assign_Doctor,382.123
"(5, 1, 5, 5, 1, 5, 2)",72,Assign_Doctor,269.802
"(5, 4, 5, 5, 2, 5, 2)",72,Assign_Bed,174.158
"(5, 3, 5, 5, 1, 3, 4)",71,Assign_Doctor,356.283
"(5, 1, 5, 5, 1, 2, 1)",71,Assign_Doctor,227.721
"(5, 5, 5, 5, 0, 2, 0)",70,Assign_Bed,641.749
"(5, 4, 5, 5, 0, 5, 4)",70,Assign_Doctor,463.481
"(5, 3, 5, 5, 1, 1, 4)",70,Assign_Doctor,398.438
"(5, 1, 5, 5, 1, 4, 3)",69,Assign_Doctor,282.048
"(4, 4, 5, 5, 2, 4, 2)",69,Assign_Bed,116.585
"(5, 4, 4, 5, 0, 2, 2)",68,Assign_Bed,533.859
"(4, 3, 5, 5, 1, 1, 3)",68,Assign_Doctor,382.557
"(5, 1, 5, 5, 0, 4, 3)",68,Assign_Bed,255.377
"(4, 4, 5, 5, 0, 5, 4)",68,Assign_Bed,249.835
"(5, 0, 5, 5, 1, 3, 1)",68,Assign_Doctor,152.846
"(5, 3, 5, 5, 0, 1, 0)",67,Assign_Doctor,674.614
"(5, 3, 4, 5, 0, 2, 4)",67,Assign_Bed,566.611
"(5, 2, 5, 5, 0, 0, 4)",67,Assign_Bed,537.765
"(5, 5, 5, 5, 1, 5, 1)",67,Assign_Doctor,433.115
"(5, 5, 5, 5, 1, 5, 2)",67,Assign_Doctor,415.779
"(5, 0, 5, 5, 1, 4, 2)",67,Assign_Nurse,149.109
"(4, 4, 5, 5, 2, 5, 2)",67,Assign_Bed,127.916
"(4, 3, 5, 5, 0, 4, 4)",66,Assign_Bed,496.33
"(4, 2, 5, 5, 1, 3, 3)",66,Assign_Bed,327.763
"(4, 1, 5, 5, 0, 4, 1)",66,Assign_Doctor,247.23
"(5, 4, 4, 5, 1, 5, 1)",66,Assign_Bed,240.415
"(4, 4, 5, 5, 1, 5, 4)",65,Assign_Bed,438.958
"(5, 2, 5, 5, 0, 4, 4)",65,Assign_Bed,423.711
"(5, 4, 5, 5, 1, 3, 0)",65,Assign_Nurse,333.522
"(5, 1, 5, 5, 1, 5, 3)",65,Assign_Bed,233.36
"(5, 2, 5, 5, 2, 5, 1)",65,Assign_Bed,138.526
"(5, 4, 4, 5, 1, 1, 2)",64,Assign_Doctor,337.49
"(5, 0, 5, 5, 0, 3, 3)",64,Assign_Bed,295.627
"(4, 5, 5, 5, 1, 1, 1)",64,Assign_Doctor,294.911
"(4, 3, 5, 5, 2, 3, 1)",64,Assign_Doctor,229.952
"(5, 4, 5, 5, 2, 5, 3)",64,Assign_Nurse,149.592
"(5, 2, 5, 5, 0, 3, 0)",63,Assign_Nurse,345.717
"(5, 5, 5, 5, 0, 4, 3)",63,Assign_Bed,338.947
"(5, 5, 4, 5, 1, 2, 1)",63,Assign_Doctor,325.137
"(5, 2, 5, 5, 1, 4, 3)",63,Assign_Bed,253.652
"(4, 3, 5, 5, 2, 3, 2)",63,Assign_Doctor,237.797
"(5, 4, 5, 5, 2, 4, 1)",63,Assign_Nurse,91.372
"(5, 5, 5, 5, 1, 2, 4)",62,Assign_Bed,331.107
"(4, 5, 5, 5, 1, 4, 2)",62,Assign_Doctor,326.529
"(4, 1, 5, 5, 0, 4, 2)",62,Assign_Doctor,285.21
"(5, 2, 5, 5, 1, 5, 1)",62,Assign_Doctor,281.032
"(5, 4, 4, 5, 1, 2, 1)",62,Assign_Bed,256.095
"(4, 2, 5, 5, 1, 2, 1)",62,Assign_Doctor,244.445
"(5, 2, 5, 5, 1, 2, 2)",62,Assign_Nurse,148.026
"(4, 5, 5, 5, 1, 1, 2)",61,Assign_Doctor,330.305
"(5, 2, 5, 5, 1, 3, 1)",61,Assign_Doctor,235.51
"(5, 4, 5, 5, 1, 5, 0)",60,Assign_Doctor,455.059
"(4, 5, 5, 5, 1, 4, 3)",60,Assign_Doctor,343.611
"(4, 2, 5, 5, 1, 2, 2)",60,Assign_Bed,220.698
"(5, 3, 5, 5, 2, 3, 2)",60,Assign_Bed,179.296
"(5, 5, 5, 5, 1, 1, 3)",59,Assign_Doctor,396.812
"(4, 4, 5, 5, 1, 4, 4)",59,Assign_Doctor,380.169
"(5, 4, 5, 5, 1, 4, 4)",59,Assign_Bed,367.701
"(4, 5, 5, 5, 0, 4, 3)",59,Assign_Bed,302.817
"(5, 5, 4, 5, 1, 2, 2)",59,Assign_Doctor,295.893
"(4, 3, 5, 5, 1, 4, 3)",59,Assign_Bed,270.699
"(4, 1, 5, 5, 0, 4, 3)",59,Assign_Bed,209.609
"(5, 2, 5, 5, 2, 5, 3)",59,Assign_Doctor,209.289
"(4, 2, 5, 5, 1, 1, 4)",58,Assign_Bed,336.809
"(5, 4, 4, 5, 1, 1, 1)",58,Assign_Nurse,209.875
"(4, 0, 5, 5, 1, 5, 2)",58,Assign_Bed,148.495
"(5, 4, 4, 5, 0, 3, 3)",57,Assign_Bed,334.669
"(5, 4, 5, 5, 2, 3, 3)",57,Assign_Doctor,250.545
"(5, 2, 5, 5, 1, 3, 2)",57,Assign_Bed,223.334
"(4, 1, 5, 5, 1, 4, 1)",57,Assign_Doctor,206.178
"(4, 0, 5, 5, 1, 5, 1)",57,Assign_Doctor,180.58
"(4, 4, 5, 5, 2, 4, 3)",57,Assign_Bed,133.932
"(5, 5, 4, 5, 0, 1, 4)",56,Assign_Bed,605.628
"(4, 2, 5, 5, 0, 3, 4)",56,Assign_Bed,499.993
"(5, 3, 5, 5, 1, 3, 0)",56,Assign_Bed,287.913
"(5, 4, 5, 5, 2, 3, 1)",56,Assign_Doctor,222.638
"(5, 3, 5, 5, 2, 5, 1)",56,Assign_Doctor,215.028
"(5, 1, 5, 5, 1, 2, 2)",56,Assign_Doctor,211.626
"(4, 5, 5, 5, 0, 2, 0)",55,Assign_Bed,613.95
"(5, 4, 4, 5, 1, 5, 2)",55,Assign_Doctor,389.699
"(4, 5, 5, 5, 0, 4, 2)",55,Assign_Doctor,360.3
"(5, 3, 5, 5, 2, 3, 1)",55,Assign_Doctor,193.039
"(5, 0, 5, 5, 0, 2, 1)",55,Assign_Bed,176.879
"(4, 3, 5, 5, 0, 0, 0)",54,Assign_Bed,669.678
"(4, 5, 5, 5, 2, 4, 1)",54,Assign_Doctor,177.137
"(4, 2, 5, 5, 1, 4, 1)",53,Assign_Doctor,266.213
"(4, 4, 5, 5, 0, 3, 0)",52,Assign_Doctor,570.98
"(4, 5, 5, 5, 1, 3, 4)",52,Assign_Bed,387.702
"(5, 5, 5, 5, 1, 4, 1)",52,Assign_Doctor,367.037
"(5, 2, 5, 5, 1, 5, 2)",52,Assign_Doctor,276.724
"(5, 2, 5, 5, 2, 5, 2)",52,Assign_Bed,152.392
"(5, 0, 5, 5, 1, 3, 3)",52,Assign_Bed,139.304
"(5, 4, 4, 5, 1, 5, 3)",51,Assign_Doctor,353.156
"(4, 3, 5, 5, 0, 3, 0)",50,Assign_Bed,482.747
"(4, 4, 5, 5, 1, 3, 0)",50,Assign_Doctor,434.931
"(5, 4, 5, 5, 1, 2, 0)",49,Assign_Doctor,349.745
"(5, 3, 5, 5, 1, 2, 4)",49,Assign_Bed,317.463
"(5, 4, 4, 5, 1, 1, 3)",49,Assign_Bed,224.442
"(4, 4, 4, 5, 0, 1, 2)",48,Assign_Doctor,568.769
"(5, 2, 5, 5, 0, 1, 0)",48,Assign_Doctor,512.063
"(4, 2, 5, 5, 1, 4, 2)",48,Assign_Doctor,262.709
"(5, 1, 5, 5, 2, 5, 2)",48,Assign_Doctor,173.012
"(5, 0, 5, 5, 0, 2, 2)",48,Assign_Nurse,118.208
"(4, 5, 4, 5, 0, 0, 1)",47,Assign_Doctor,692.048
"(4, 3, 5, 5, 0, 5, 4)",47,Assign_Bed,242.453
"(5, 5, 5, 5, 1, 4, 2)",47,Assign_Bed,238.56
"(5, 3, 5, 5, 2, 5, 2)",47,Assign_Doctor,225.153
"(5, 0, 5, 5, 0, 5, 1)",47,Assign_Bed,192.25
"(5, 4, 4, 5, 0, 1, 0)",46,Assign_Doctor,626.948
"(4, 4, 4, 5, 0, 1, 1)",46,Assign_Doctor,491.922
"(5, 3, 5, 5, 0, 4, 0)",46,Assign_Bed,427.623
"(5, 4, 5, 5, 1, 1, 0)",46,Assign_Doctor,361.559
"(4, 1, 5, 5, 1, 4, 2)",46,Assign_Doctor,189.745
"(5, 4, 5, 5, 2, 4, 2)",46,Assign_Bed,124.306
"(4, 3, 4, 5, 0, 2, 3)",45,Assign_Nurse,369.675
"(4, 3, 5, 5, 1, 5, 0)",45,Assign_Bed,324.191
"(5, 4, 5, 5, 2, 3, 2)",45,Assign_Bed,162.905
"(4, 4, 4, 5, 0, 0, 1)",44,Assign_Bed,598.073
"(4, 2, 5, 5, 0, 2, 0)",44,Assign_Bed,379.893
"(4, 1, 5, 5, 0, 0, 4)",44,Assign_Bed,353.791
"(5, 1, 5, 5, 0, 2, 4)",44,Assign_Bed,310.389
"(5, 0, 5, 5, 0, 1, 4)",44,Assign_Bed,301.334
"(4, 0, 5, 5, 0, 3, 4)",44,Assign_Bed,292.327
"(5, 3, 5, 5, 1, 4, 4)",44,Assign_Bed,276.291
"(4, 5, 5, 5, 2, 5, 1)",44,Assign_Doctor,183.323
"(5, 0, 5, 5, 1, 4, 3)",44,Assign_Bed,156.562
"(5, 3, 5, 5, 1, 5, 0)",43,Assign_Doctor,401.095
"(5, 5, 5, 5, 0, 3, 4)",43,Assign_Bed,397.714
"(5, 4, 4, 5, 1, 2, 3)",43,Assign_Doctor,332.649
"(4, 1, 5, 5, 1, 5, 1)",43,Assign_Doctor,194.743
"(4, 4, 5, 5, 2, 3, 1)",43,Assign_Doctor,180.893
"(4, 5, 5, 5, 2, 5, 2)",43,Assign_Bed,103.229
"(4, 3, 5, 5, 1, 3, 4)",42,Assign_Bed,360.114
"(5, 4, 5, 5, 0, 4, 0)",42,Assign_Bed,331.608
"(5, 2, 5, 5, 0, 5, 4)",42,Assign_Bed,325.423
"(4, 5, 5, 5, 0, 5, 4)",42,Assign_Bed,236.255
"(5, 0, 5, 5, 0, 2, 3)",42,Assign_Doctor,174.554
"(4, 1, 5, 5, 1, 4, 3)",42,Assign_Bed,140.218
"(5, 0, 5, 5, 1, 3, 2)",42,Assign_Doctor,125.57
"(4, 4, 4, 5, 0, 0, 2)",41,Assign_Doctor,627.48
"(5, 4, 4, 5, 0, 2, 3)",41,Assign_Doctor,498.152
"(5, 1, 5, 5, 0, 0, 0)",41,Assign_Doctor,335.449
"(5, 0, 5, 5, 0, 0, 4)",41,Assign_Bed,284.112
"(4, 1, 5, 5, 1, 5, 2)",41,Assign_Doctor,200.803
"(5, 1, 5, 5, 1, 3, 1)",41,Assign_Doctor,198.066
"(5, 2, 5, 5, 1, 3, 3)",41,Assign_Bed,174.236
"(4, 4, 5, 5, 2, 5, 3)",41,Assign_Bed,128.423
"(4, 4, 5, 5, 1, 5, 0)",40,Assign_Doctor,436.049
"(4, 4, 5, 5, 1, 2, 0)",40,Assign_Doctor,333.748
"(5, 2, 5, 5, 1, 2, 3)",40,Assign_Doctor,238.95
"(5, 1, 5, 5, 1, 3, 2)",40,Assign_Doctor,195.874
"(5, 1, 5, 5, 2, 5, 3)",40,Assign_Doctor,173.036
"(4, 3, 4, 5, 0, 2, 2)",39,Assign_Doctor,488.199
"(5, 1, 5, 5, 0, 1, 0)",39,Assign_Doctor,382.197
"(4, 1, 5, 5, 0, 1, 4)",39,Assign_Bed,302.389
"(4, 2, 5, 5, 0, 0, 4)",39,Assign_Nurse,259.848
"(5, 3, 4, 5, 1, 3, 2)",39,Assign_Doctor,231.505
"(5, 1, 5, 5, 1, 2, 3)",39,Assign_Doctor,224.582
"(4, 2, 5, 5, 1, 5, 2)",39,Assign_Bed,223.881
"(4, 1, 5, 5, 1, 5, 3)",39,Assign_Doctor,210.987
"(5, 0, 5, 5, 1, 5, 4)",39,Assign_Doctor,188.388
"(5, 4, 4, 5, 1, 2, 2)",39,Assign_Bed,186.113
"(4, 5, 5, 5, 2, 4, 2)",39,Assign_Doctor,175.075
"(4, 3, 5, 5, 2, 3, 3)",39,Assign_Bed,163.191
"(5, 0, 5, 5, 1, 2, 1)",39,Assign_Bed,63.771
"(5, 1, 5, 5, 0, 3, 4)",38,Assign_Bed,276.168
"(4, 0, 5, 5, 0, 0, 4)",38,Assign_Bed,264.526
"(5, 0, 5, 5, 0, 3, 4)",38,Assign_Bed,260.134
"(5, 1, 5, 5, 0, 5, 4)",38,Assign_Bed,245.146
"(5, 5, 5, 5, 1, 3, 4)",38,Assign_Ventilator,211.145
"(5, 0, 5, 5, 0, 5, 3)",38,Assign_Bed,137.874
"(4, 0, 5, 5, 1, 3, 2)",38,Assign_Doctor,135.106
"(4, 4, 5, 5, 2, 3, 2)",38,Assign_Bed,133.106
"(4, 0, 5, 5, 1, 2, 2)",38,Assign_Doctor,116.781
"(5, 5, 4, 5, 0, 0, 4)",37,Assign_Bed,630.076
"(4, 2, 5, 5, 0, 3, 0)",37,Assign_Doctor,407.661
"(4, 4, 5, 5, 0, 4, 0)",37,Assign_Doctor,378.534
"(5, 5, 5, 5, 0, 5, 1)",37,Assign_Doctor,356.566
"(4, 2, 5, 5, 0, 4, 0)",37,Assign_Bed,333.439
"(5, 5, 5, 5, 1, 4, 3)",37,Assign_Doctor,309.299
"(5, 5, 4, 5, 1, 2, 3)",37,Assign_Doctor,295.867
"(4, 5, 5, 5, 1, 1, 3)",37,Assign_Doctor,294.101
"(4, 2, 5, 5, 1, 3, 4)",37,Assign_Bed,272.326
"(5, 2, 5, 5, 1, 1, 4)",37,Assign_Bed,265.012
"(5, 2, 5, 5, 1, 5, 3)",37,Assign_Doctor,246.596
"(4, 2, 5, 5, 1, 2, 3)",37,Assign_Doctor,215.467
"(4, 4, 5, 5, 0, 5, 0)",37,Assign_Bed,168.578
"(5, 1, 5, 5, 1, 4, 4)",37,Assign_Nurse,163.556
"(5, 2, 5, 5, 0, 2, 0)",36,Assign_Nurse,288.73
"(4, 5, 5, 5, 1, 2, 4)",36,Assign_Bed,264.752
"(4, 1, 5, 5, 0, 5, 4)",36,Assign_Doctor,238.757
"(4, 4, 5, 5, 1, 4, 0)",36,Assign_Nurse,208.83
"(5, 3, 4, 5, 1, 3, 1)",36,Assign_Bed,186.958
"(4, 5, 4, 5, 0, 1, 2)",35,Assign_Doctor,558.889
"(4, 5, 5, 5, 0, 3, 4)",35,Assign_Bed,416.293
"(5, 1, 5, 5, 0, 4, 4)",35,Assign_Bed,251.383
"(4, 4, 5, 5, 1, 1, 4)",35,Assign_Bed,228.748
"(4, 2, 5, 5, 2, 5, 1)",35,Assign_Doctor,170.364
"(4, 3, 5, 5, 2, 5, 1)",35,Assign_Doctor,162.359
"(5, 3, 5, 5, 2, 5, 3)",35,Assign_Bed,147.721
"(4, 0, 5, 5, 0, 4, 1)",35,Assign_Doctor,129.602
"(5, 0, 5, 5, 1, 2, 2)",35,Assign_Bed,123.25
"(4, 5, 4, 5, 0, 0, 2)",34,Assign_Doctor,627.752
"(4, 1, 5, 5, 0, 4, 4)",34,Assign_Bed,246.178
"(4, 2, 5, 5, 1, 5, 3)",34,Assign_Bed,214.348
"(4, 0, 5, 5, 1, 5, 3)",34,Assign_Bed,149.881
"(4, 0, 5, 5, 0, 2, 1)",34,Assign_Nurse,78.681
"(4, 1, 5, 5, 1, 1, 1)",34,Assign_Bed,69.195
"(5, 5, 5, 5, 1, 5, 3)",33,Assign_Doctor,386.367
"(4, 4, 4, 5, 1, 2, 3)",33,Assign_Bed,221.652
"(4, 2, 5, 5, 1, 5, 1)",33,Assign_Bed,184.513
"(5, 1, 5, 5, 1, 3, 3)",33,Assign_Doctor,182.437
"(4, 4, 5, 5, 2, 5, 4)",33,Assign_Bed,162.896
"(4, 1, 5, 5, 1, 1, 2)",33,Assign_Doctor,135.606
"(4, 4, 5, 5, 2, 2, 3)",33,Assign_Bed,102.815
"(4, 4, 4, 5, 0, 1, 3)",32,Assign_Doctor,516.733
"(4, 0, 5, 5, 0, 1, 4)",32,Assign_Bed,261.33
"(4, 4, 4, 5, 1, 2, 2)",32,Assign_Bed,179.497
"(4, 2, 5, 5, 2, 5, 2)",32,Assign_Doctor,169.959
"(5, 2, 5, 5, 2, 3, 1)",32,Assign_Doctor,133.052
"(5, 4, 4, 5, 0, 0, 0)",31,Assign_Bed,500.33
"(4, 2, 5, 5, 0, 1, 4)",31,Assign_Bed,389.656
"(5, 2, 4, 5, 0, 2, 1)",31,Assign_Doctor,309.978
"(5, 3, 5, 5, 2, 3, 3)",31,Assign_Bed,156.952
"(4, 0, 5, 5, 1, 4, 1)",31,Assign_Doctor,156.555
"(5, 0, 5, 5, 1, 4, 4)",31,Assign_Bed,138.31
"(4, 2, 5, 5, 2, 3, 1)",31,Assign_Bed,70.255
"(5, 2, 5, 5, 0, 0, 0)",30,Assign_Doctor,482.39
"(5, 3, 4, 5, 0, 2, 0)",30,Assign_Bed,436.393
"(5, 3, 4, 5, 0, 3, 1)",30,Assign_Doctor,375.162
"(4, 5, 5, 5, 1, 5, 2)",30,Assign_Doctor,355.732
"(5, 5, 5, 5, 0, 5, 2)",30,Assign_Doctor,338.469
"(4, 4, 4, 5, 1, 2, 1)",30,Assign_Doctor,223.907
"(5, 3, 4, 5, 0, 5, 1)",30,Assign_Doctor,217.694
"(5, 5, 5, 4, 0, 1, 1)",30,Assign_Doctor,180.137
"(4, 0, 5, 5, 0, 5, 1)",30,Assign_Doctor,154.101
"(4, 0, 5, 5, 0, 2, 2)",30,Assign_Bed,120.096
"(4, 3, 5, 5, 2, 5, 2)",30,Assign_Bed,116.95
"(4, 3, 4, 5, 0, 2, 1)",29,Assign_Doctor,448.427
"(5, 4, 4, 5, 0, 3, 4)",29,Assign_Bed,401.792
"(4, 5, 5, 5, 1, 5, 1)",29,Assign_Doctor,385.263
"(4, 1, 5, 5, 0, 2, 4)",29,Assign_Bed,323.237
"(5, 5, 5, 5, 0, 4, 4)",29,Assign_Doctor,292.493
"(4, 1, 5, 5, 0, 3, 4)",29,Assign_Doctor,291.104
"(5, 5, 5, 5, 1, 2, 0)",29,Assign_Doctor,287.036
"(5, 3, 5, 5, 1, 4, 0)",29,Delay,250.939
"(5, 3, 5, 5, 1, 1, 0)",29,Assign_Bed,243.115
"(5, 2, 4, 5, 0, 2, 2)",29,Assign_Bed,217.517
"(5, 3, 5, 5, 0, 5, 0)",29,Assign_Bed,216.289
"(4, 3, 5, 5, 1, 2, 0)",29,Assign_Nurse,201.988
"(4, 5, 5, 5, 1, 4, 4)",29,Assign_Bed,181.095
"(4, 2, 5, 5, 2, 5, 3)",29,Assign_Doctor,177.934
"(4, 3, 5, 5, 2, 5, 3)",29,Assign_Doctor,159.937
"(5, 3, 5, 5, 2, 5, 4)",29,Assign_Doctor,158.582
"(4, 5, 5, 5, 2, 4, 3)",29,Assign_Bed,127.478
"(4, 0, 5, 5, 1, 4, 3)",29,Assign_Bed,121.739
"(4, 5, 4, 5, 0, 0, 3)",28,Assign_Doctor,601.55
"(5, 5, 4, 5, 0, 1, 0)",28,Assign_Bed,492.865
"(5, 3, 4, 5, 0, 3, 2)",28,Assign_Bed,376.952
"(4, 3, 5, 5, 1, 3, 0)",28,Assign_Bed,277.876
"(5, 3, 4, 5, 1, 1, 3)",28,Assign_Doctor,234.27
"(4, 2, 5, 5, 1, 4, 3)",28,Assign_Doctor,224.324
"(5, 4, 5, 5, 2, 4, 3)",28,Assign_Doctor,148.839
"(4, 0, 5, 5, 0, 5, 2)",28,Assign_Bed,146.84
"(4, 3, 5, 5, 1, 4, 4)",28,Assign_Ventilator,144.889
"(5, 0, 5, 5, 0, 5, 2)",28,Assign_Bed,104.451
"(4, 0, 5, 5, 1, 2, 1)",28,Assign_Doctor,90.889
"(4, 5, 5, 5, 2, 5, 3)",28,Assign_Nurse,90.199
"(4, 0, 5, 5, 0, 4, 2)",28,Assign_Bed,88.895
"(5, 5, 5, 5, 2, 4, 3)",28,Assign_Bed,87.961
"(5, 4, 4, 5, 1, 3, 1)",27,Assign_Doctor,273.662
"(5, 2, 5, 5, 0, 4, 0)",27,Assign_Bed,257.987
"(4, 2, 5, 5, 0, 5, 4)",27,Assign_Bed,248.504
"(4, 3, 5, 5, 0, 5, 0)",27,Assign_Doctor,219.946
"(5, 1, 5, 5, 0, 5, 0)",27,Assign_Doctor,210.084
"(5, 3, 4, 5, 1, 1, 2)",27,Assign_Bed,187.324
"(5, 2, 5, 5, 1, 2, 4)",27,Assign_Bed,147.714
"(4, 1, 5, 5, 1, 2, 2)",27,Assign_Bed,80.64
"(4, 4, 4, 5, 0, 0, 3)",26,Assign_Bed,538.279
"(4, 4, 4, 5, 0, 2, 1)",26,Assign_Doctor,527.922
"(5, 4, 4, 5, 0, 2, 4)",26,Assign_Bed,420.301
"(4, 4, 4, 5, 0, 2, 2)",26,Assign_Doctor,419.338
"(5, 4, 5, 5, 1, 4, 0)",26,Assign_Doctor,274.466
"(5, 4, 5, 5, 0, 5, 0)",26,Assign_Bed,254.861
"(5, 4, 4, 5, 1, 3, 2)",26,Assign_Doctor,238.925
"(3, 4, 5, 5, 0, 1, 1)",26,Assign_Bed,154.807
"(4, 1, 5, 5, 1, 2, 3)",26,Assign_Doctor,149.889
"(5, 3, 4, 5, 1, 3, 3)",26,Assign_Bed,149.437
"(4, 4, 5, 5, 2, 2, 1)",26,Assign_Doctor,127.814
"(5, 4, 5, 5, 2, 2, 2)",26,Assign_Doctor,123.233
"(4, 0, 5, 5, 1, 3, 1)",26,Assign_Doctor,89.421
"(5, 3, 4, 5, 0, 0, 2)",25,Assign_Bed,448.625
"(4, 3, 5, 5, 0, 4, 0)",25,Assign_Doctor,364.322
"(5, 1, 5, 5, 0, 3, 0)",25,Assign_Doctor,287.901
"(5, 3, 4, 5, 1, 1, 1)",25,Assign_Doctor,201.599
"(5, 1, 5, 5, 1, 5, 4)",25,Assign_Bed,179.539
"(5, 1, 5, 5, 1, 2, 4)",25,Assign_Bed,139.595
"(4, 1, 5, 5, 1, 3, 2)",25,Assign_Doctor,137.853
"(5, 5, 5, 5, 2, 4, 2)",25,Assign_Doctor,133.947
"(4, 0, 5, 5, 1, 4, 2)",25,Assign_Bed,105.911
"(4, 1, 5, 5, 1, 2, 1)",25,Assign_Bed,78.058
"(5, 5, 5, 5, 0, 3, 0)",24,Assign_Doctor,371.552
"(5, 3, 4, 5, 0, 3, 3)",24,Assign_Bed,329.014
"(5, 5, 5, 4, 0, 1, 3)",24,Assign_Bed,213.319
"(5, 5, 5, 5, 2, 5, 2)",24,Assign_Doctor,170.308
"(5, 4, 5, 4, 0, 1, 1)",24,Assign_Bed,151.132
"(4, 5, 4, 5, 0, 5, 1)",24,Assign_Doctor,139.918
"(5, 4, 5, 4, 0, 1, 3)",24,Assign_Bed,137.951
"(5, 3, 5, 4, 0, 3, 1)",24,Assign_Nurse,132.17
"(5, 4, 5, 4, 0, 0, 1)",24,Assign_Doctor,128.941
"(5, 5, 5, 5, 2, 3, 1)",24,Assign_Doctor,127.883
"(5, 4, 5, 5, 2, 2, 1)",24,Assign_Doctor,120.321
"(4, 3, 5, 5, 1, 1, 4)",24,Assign_Ventilator,112.222
"(5, 3, 5, 5, 2, 4, 1)",24,Assign_Doctor,97.065
"(5, 2, 5, 5, 2, 4, 1)",24,Assign_Doctor,85.146
"(4, 1, 5, 5, 1, 3, 1)",24,Assign_Bed,70.727
"(5, 5, 4, 5, 0, 0, 0)",23,Assign_Doctor,547.253
"(5, 5, 4, 5, 0, 2, 1)",23,Assign_Bed,406.932
"(5, 5, 5, 4, 0, 0, 1)",23,Assign_Doctor,304.103
"(4, 1, 5, 5, 0, 1, 0)",23,Assign_Bed,229.654
"(4, 2, 5, 5, 1, 1, 0)",23,Assign_Bed,202.163
"(4, 4, 4, 5, 1, 1, 1)",23,Assign_Doctor,164.648
"(5, 5, 5, 5, 0, 5, 3)",23,Assign_Bed,131.319
"(5, 5, 5, 5, 2, 4, 1)",23,Assign_Doctor,126.291
"(4, 2, 5, 5, 2, 3, 2)",23,Assign_Doctor,115.417
"(4, 1, 5, 5, 2, 5, 2)",23,Assign_Doctor,109.22
"(5, 0, 5, 5, 1, 2, 3)",23,Assign_Bed,94.465
"(4, 4, 5, 5, 2, 2, 2)",23,Assign_Bed,84.708
"(4, 3, 4, 5, 0, 2, 4)",22,Assign_Bed,375.897
"(5, 5, 4, 5, 0, 2, 2)",22,Assign_Bed,324.401
"(4, 5, 5, 5, 0, 3, 0)",22,Assign_Doctor,314.526
"(5, 5, 4, 5, 1, 1, 1)",22,Assign_Doctor,265.846
"(4, 5, 5, 5, 1, 3, 0)",22,Assign_Bed,238.945
"(5, 2, 5, 5, 1, 1, 0)",22,Assign_Doctor,210.817
"(5, 1, 5, 5, 0, 2, 0)",22,Assign_Bed,201.864
"(4, 2, 4, 5, 0, 2, 2)",22,Assign_Bed,201.141
"(5, 2, 5, 5, 1, 4, 4)",22,Assign_Bed,198.958
"(4, 4, 5, 5, 1, 1, 0)",22,Assign_Bed,197.8
"(5, 3, 5, 4, 0, 3, 2)",22,Assign_Doctor,193.363
"(4, 4, 5, 5, 2, 3, 3)",22,Assign_Doctor,168.206
"(4, 0, 5, 5, 0, 1, 0)",22,Assign_Bed,166.501
"(4, 5, 5, 4, 0, 1, 2)",22,Assign_Nurse,133.602
"(4, 0, 5, 5, 0, 0, 0)",22,Assign_Bed,126.58
"(5, 5, 5, 5, 2, 5, 1)",22,Assign_Doctor,124.14
"(5, 3, 5, 5, 3, 5, 3)",22,Assign_Doctor,120.5
"(4, 0, 5, 5, 0, 5, 3)",22,Assign_Bed,116.562
"(4, 0, 5, 5, 1, 2, 3)",22,Assign_Nurse,53.956
"(4, 5, 4, 5, 0, 1, 1)",21,Assign_Doctor,484.451
"(4, 2, 5, 5, 0, 0, 0)",21,Assign_Bed,306.338
"(5, 3, 4, 5, 0, 1, 1)",21,Assign_Doctor,298.938
"(4, 4, 4, 5, 0, 3, 2)",21,Assign_Bed,269.182
"(5, 4, 5, 4, 0, 0, 2)",21,Assign_Bed,229.409
"(5, 3, 5, 5, 2, 3, 4)",21,Assign_Bed,168.123
"(5, 0, 5, 5, 0, 2, 4)",21,Assign_Bed,164.178
"(4, 1, 5, 5, 0, 0, 0)",21,Assign_Bed,162.215
"(5, 5, 5, 5, 2, 3, 3)",21,Assign_Doctor,160.305
"(4, 3, 5, 5, 2, 3, 4)",21,Assign_Bed,157.247
"(5, 4, 5, 5, 2, 3, 4)",21,Assign_Bed,153.867
"(4, 1, 5, 5, 2, 5, 3)",21,Assign_Doctor,147.793
"(4, 3, 5, 5, 2, 5, 4)",21,Assign_Bed,112.379
"(5, 0, 5, 5, 0, 4, 1)",21,Assign_Bed,111.664
"(4, 1, 5, 5, 2, 5, 1)",21,Assign_Bed,59.536
"(5, 0, 4, 5, 1, 4, 1)",21,Assign_Nurse,58.87
"(4, 5, 4, 5, 0, 0, 4)",20,Assign_Bed,457.264
"(4, 4, 4, 5, 0, 2, 3)",20,Assign_Bed,395.802
"(4, 5, 5, 5, 0, 4, 4)",20,Assign_Doctor,324.28
"(4, 5, 5, 5, 1, 5, 3)",20,Assign_Doctor,271.215
"(5, 0, 5, 5, 0, 1, 0)",20,Assign_Bed,241.664
"(5, 5, 5, 4, 0, 1, 2)",20,Assign_Bed,164.291
"(5, 2, 5, 5, 2, 5, 4)",20,Assign_Bed,146.842
"(4, 0, 5, 5, 0, 2, 3)",20,Assign_Doctor,115.804
"(4, 5, 5, 5, 2, 5, 4)",20,Assign_Bed,108.346
"(4, 0, 5, 5, 1, 3, 3)",20,Assign_Bed,75.401
"(4, 3, 4, 5, 0, 5, 1)",20,Assign_Bed,72.256
"(4, 5, 4, 5, 0, 5, 3)",20,Assign_Nurse,70.21
"(5, 3, 4, 5, 0, 0, 3)",19,Assign_Bed,373.469
"(5, 5, 5, 5, 1, 4, 4)",19,Assign_Doctor,242.624
"(4, 4, 5, 4, 0, 0, 1)",19,Assign_Bed,214.677
"(4, 2, 5, 5, 0, 5, 0)",19,Assign_Doctor,210.44
"(5, 2, 5, 5, 1, 4, 0)",19,Assign_Doctor,208.134
"(5, 5, 4, 5, 0, 3, 2)",19,Assign_Doctor,199.546
"(4, 5, 5, 5, 1, 2, 0)",19,Assign_Bed,170.778
"(4, 1, 5, 5, 1, 4, 4)",19,Assign_Bed,163.164
"(5, 0, 5, 5, 0, 0, 0)",19,Assign_Bed,158.932
"(5, 4, 5, 5, 2, 5, 4)",19,Assign_Bed,153.688
"(4, 0, 5, 5, 0, 4, 4)",19,Assign_Bed,121.247
"(5, 0, 4, 5, 1, 4, 3)",19,Assign_Doctor,112.557
"(4, 0, 5, 5, 0, 4, 3)",19,Assign_Bed,111.933
"(4, 5, 4, 5, 0, 5, 2)",19,Assign_Doctor,107.816
"(4, 4, 5, 5, 2, 4, 4)",19,Assign_Bed,91.249
"(4, 2, 5, 5, 2, 4, 1)",19,Assign_Doctor,89.131
"(5, 4, 5, 5, 2, 2, 3)",19,Assign_Bed,85.28
"(5, 2, 5, 5, 2, 4, 2)",19,Assign_Bed,55.304
"(5, 0, 5, 5, 2, 5, 1)",19,Assign_Nurse,36.589
"(4, 5, 4, 5, 0, 1, 3)",18,Assign_Ventilator,276.357
"(5, 2, 4, 5, 0, 2, 3)",18,Assign_Nurse,242.911
"(5, 5, 5, 5, 1, 1, 4)",18,Assign_Bed,235.837
"(4, 5, 4, 5, 1, 2, 2)",18,Assign_Doctor,224.231
"(4, 5, 4, 5, 1, 2, 3)",18,Assign_Doctor,216.633
"(4, 4, 4, 5, 1, 2, 4)",18,Assign_Bed,215.051
"(5, 2, 5, 5, 1, 5, 4)",18,Assign_Bed,193.759
"(5, 5, 4, 5, 1, 2, 4)",18,Assign_Bed,192.962
"(4, 5, 4, 5, 1, 2, 1)",18,Assign_Doctor,191.982
"(4, 5, 5, 5, 1, 1, 4)",18,Assign_Bed,182.946
"(5, 3, 5, 4, 1, 5, 2)",18,Assign_Doctor,152.874
"(5, 1, 4, 5, 1, 4, 1)",18,Assign_Doctor,147.62
"(5, 3, 4, 5, 0, 5, 3)",18,Assign_Bed,137.187
"(5, 1, 4, 5, 0, 2, 1)",18,Assign_Bed,118.754
"(4, 5, 5, 5, 2, 3, 2)",18,Assign_Doctor,118.63
"(5, 1, 5, 5, 2, 3, 1)",18,Assign_Doctor,102.025
"(5, 0, 5, 5, 0, 4, 2)",18,Assign_Bed,96.961
"(5, 1, 5, 5, 2, 3, 2)",18,Assign_Doctor,81.901
"(5, 1, 5, 5, 1, 1, 1)",18,Assign_Bed,78.209
"(5, 5, 5, 5, 1, 3, 0)",17,Assign_Doctor,342.674
"(4, 4, 5, 4, 0, 1, 1)",17,Assign_Doctor,266.001
"(5, 2, 4, 5, 0, 3, 1)",17,Assign_Bed,196.293
"(5, 3, 5, 5, 1, 2, 0)",17,Assign_Bed,186.577
"(4, 4, 4, 5, 1, 1, 2)",17,Assign_Doctor,181.085
"(4, 4, 4, 5, 0, 3, 1)",17,Assign_Bed,177.606
"(4, 2, 5, 5, 1, 5, 4)",17,Assign_Bed,168.745
"(4, 2, 4, 5, 0, 2, 1)",17,Assign_Doctor,157.017
"(4, 3, 5, 4, 0, 3, 1)",17,Assign_Doctor,144.965
"(4, 1, 5, 5, 0, 3, 0)",17,Assign_Bed,144.77
"(5, 4, 5, 5, 2, 5, 0)",17,Assign_Doctor,141.65
"(5, 1, 5, 5, 1, 1, 2)",17,Assign_Bed,130.691
"(5, 4, 4, 5, 1, 1, 4)",17,Assign_Bed,125.96
"(5, 2, 5, 5, 2, 3, 2)",17,Assign_Doctor,107.955
"(4, 4, 5, 4, 0, 1, 2)",17,Assign_Nurse,101.803
"(4, 1, 5, 5, 1, 5, 4)",17,Assign_Bed,94.158
"(4, 3, 5, 5, 2, 4, 2)",17,Assign_Doctor,92.734
"(4, 5, 5, 5, 0, 5, 0)",17,Assign_Bed,90.349
"(4, 4, 5, 5, 3, 5, 1)",17,Assign_Doctor,87.944
"(4, 4, 5, 4, 0, 3, 1)",17,Assign_Bed,86.769
"(4, 4, 4, 5, 1, 1, 3)",17,Assign_Bed,77.561
"(5, 3, 5, 5, 2, 2, 1)",17,Assign_Bed,30.82
"(4, 4, 5, 4, 0, 0, 2)",16,Assign_Doctor,315.446
"(4, 5, 5, 4, 0, 0, 1)",16,Assign_Doctor,280.539
"(5, 3, 4, 5, 0, 1, 3)",16,Assign_Bed,269.437
"(4, 3, 5, 5, 1, 1, 0)",16,Assign_Bed,244.687
"(5, 4, 4, 5, 1, 3, 3)",16,Assign_Doctor,240.455
"(4, 2, 5, 5, 0, 1, 0)",16,Assign_Doctor,214.171
"(5, 0, 5, 5, 0, 3, 0)",16,Assign_Doctor,188.943
"(4, 0, 5, 5, 0, 3, 0)",16,Assign_Doctor,183.111
"(5, 2, 5, 5, 1, 3, 4)",16,Assign_Bed,180.019
"(5, 1, 5, 5, 1, 4, 0)",16,Assign_Bed,138.809
"(4, 5, 5, 5, 2, 4, 4)",16,Assign_Bed,130.498
"(4, 1, 5, 5, 1, 1, 3)",16,Assign_Bed,121.541
"(5, 5, 5, 4, 0, 0, 3)",16,Assign_Bed,112.843
"(4, 3, 4, 5, 0, 5, 2)",16,Assign_Bed,112.692
"(4, 1, 5, 5, 1, 3, 3)",16,Assign_Doctor,111.155
"(5, 1, 5, 5, 2, 5, 4)",16,Assign_Bed,104.717
"(5, 0, 4, 5, 1, 4, 2)",16,Assign_Bed,91.895
"(4, 4, 5, 5, 3, 5, 2)",16,Assign_Doctor,83.396
"(5, 2, 5, 5, 3, 5, 2)",16,Assign_Doctor,79.542
"(5, 3, 5, 5, 2, 4, 3)",16,Assign_Bed,72.331
"(4, 3, 5, 4, 0, 3, 2)",16,Assign_Bed,72.326
"(5, 4, 5, 5, 3, 5, 2)",16,Assign_Bed,44.514
"(5, 3, 4, 5, 0, 1, 2)",15,Assign_Bed,249.393
"(4, 4, 5, 4, 0, 0, 3)",15,Assign_Doctor,233.682
"(5, 4, 5, 4, 0, 1, 2)",15,Assign_Bed,231.908
"(5, 5, 5, 4, 0, 0, 2)",15,Assign_Doctor,213.668
"(5, 5, 5, 5, 1, 5, 4)",15,Assign_Bed,198.079
"(5, 5, 5, 4, 0, 0, 4)",15,Assign_Nurse,180.38
"(5, 2, 5, 5, 0, 5, 0)",15,Assign_Bed,168.721
"(4, 2, 5, 5, 1, 3, 0)",15,Assign_Bed,166.129
"(4, 3, 4, 5, 0, 5, 3)",15,Assign_Doctor,161.35
"(4, 2, 5, 5, 1, 4, 4)",15,Assign_Bed,156.273
"(4, 3, 5, 5, 1, 4, 0)",15,Assign_Bed,148.881
"(5, 1, 5, 5, 0, 4, 0)",15,Assign_Doctor,134.549
"(4, 1, 4, 5, 0, 2, 1)",15,Assign_Doctor,132.194
"(5, 3, 4, 5, 0, 5, 2)",15,Assign_Bed,126.801
"(4, 2, 5, 5, 1, 2, 4)",15,Assign_Bed,120.474
"(4, 1, 5, 5, 0, 5, 0)",15,Assign_Bed,109.792
"(5, 2, 5, 5, 2, 3, 3)",15,Assign_Doctor,101.68
"(5, 0, 5, 5, 1, 3, 4)",15,Assign_Bed,88.756
"(4, 0, 4, 5, 0, 1, 1)",15,Assign_Nurse,70.223
"(4, 1, 5, 5, 2, 3, 1)",15,Assign_Doctor,66.911
"(5, 1, 5, 5, 2, 3, 3)",15,Assign_Bed,65.194
"(3, 5, 5, 5, 0, 5, 1)",15,Assign_Doctor,57.499
"(4, 1, 5, 5, 3, 5, 2)",15,Assign_Nurse,23.874
"(5, 3, 4, 5, 0, 1, 4)",14,Assign_Bed,300.586
"(4, 4, 5, 4, 0, 1, 3)",14,Assign_Bed,240.289
"(5, 3, 4, 5, 0, 0, 1)",14,Assign_Bed,232.943
"(5, 4, 5, 4, 0, 2, 2)",14,Assign_Doctor,223.824
"(5, 4, 5, 4, 0, 0, 3)",14,Assign_Bed,217.846
"(5, 5, 5, 5, 1, 1, 0)",14,Assign_Doctor,201.742
"(4, 4, 5, 4, 0, 2, 1)",14,Assign_Nurse,185.461
"(4, 3, 4, 5, 0, 1, 1)",14,Assign_Bed,178.337
"(5, 4, 4, 5, 1, 5, 4)",14,Assign_Nurse,149.143
"(5, 3, 4, 5, 1, 1, 4)",14,Assign_Bed,148.558
"(5, 1, 4, 5, 1, 4, 3)",14,Assign_Doctor,144.551
"(4, 4, 4, 5, 0, 5, 1)",14,Assign_Doctor,143.614
"(4, 5, 4, 5, 0, 3, 1)",14,Assign_Bed,135.988
"(5, 1, 4, 5, 1, 4, 2)",14,Assign_Bed,130.247
"(4, 3, 5, 4, 0, 3, 3)",14,Assign_Doctor,129.49
"(5, 0, 5, 5, 1, 5, 0)",14,Assign_Doctor,128.792
"(4, 4, 5, 4, 0, 3, 2)",14,Assign_Bed,120.236
"(5, 1, 5, 5, 1, 2, 0)",14,Assign_Bed,113.093
"(5, 5, 5, 5, 0, 5, 4)",14,Assign_Bed,102.191
"(4, 2, 5, 5, 2, 4, 2)",14,Assign_Doctor,97.473
"(4, 2, 5, 5, 2, 4, 3)",14,Assign_Doctor,84.055
"(5, 3, 5, 5, 2, 4, 2)",14,Assign_Doctor,82.243
"(5, 0, 4, 5, 0, 2, 2)",14,Assign_Doctor,72.777
"(4, 4, 5, 4, 0, 3, 3)",14,Assign_Nurse,65.99
"(5, 0, 5, 5, 2, 5, 3)",14,Assign_Bed,29.922
"(4, 5, 5, 5, 2, 2, 1)",14,Assign_Nurse,16.85
"(4, 5, 4, 5, 0, 2, 1)",13,Assign_Bed,273.769
"(5, 5, 5, 5, 0, 4, 0)",13,Assign_Doctor,191.349
"(5, 5, 4, 5, 1, 2, 0)",13,Assign_Bed,147.196
"(4, 4, 5, 5, 2, 3, 4)",13,Assign_Doctor,146.804
"(4, 2, 4, 5, 0, 2, 3)",13,Assign_Doctor,145.074
"(4, 4, 4, 5, 1, 3, 2)",13,Assign_Doctor,131.871
"(5, 5, 4, 5, 0, 3, 3)",13,Assign_Bed,117.112
"(4, 5, 4, 5, 1, 1, 1)",13,Assign_Bed,109.05
"(4, 4, 4, 5, 1, 4, 1)",13,Assign_Doctor,102.73
"(5, 1, 5, 5, 1, 1, 3)",13,Assign_Bed,102.142
"(4, 4, 5, 5, 2, 2, 4)",13,Assign_Doctor,96.712
"(5, 4, 5, 5, 2, 3, 0)",13,Assign_Doctor,95.159
"(5, 0, 5, 5, 0, 5, 0)",13,Assign_Bed,88.377
"(5, 0, 4, 5, 0, 2, 3)",13,Assign_Doctor,82.505
"(5, 0, 5, 5, 0, 4, 3)",13,Assign_Bed,68.54
"(5, 0, 5, 5, 1, 3, 0)",13,Delay,44.539
"(5, 3, 5, 5, 3, 5, 1)",13,Assign_Nurse,40.179
"(4, 5, 5, 5, 2, 3, 1)",13,Assign_Bed,28.727
"(5, 3, 5, 5, 3, 5, 2)",13,Assign_Bed,19.699
"(4, 0, 5, 5, 2, 5, 2)",13,Assign_Bed,19.355
"(4, 5, 4, 5, 0, 1, 4)",12,Assign_Bed,332.715
"(4, 4, 4, 5, 0, 3, 3)",12,Assign_Bed,262.294
"(4, 5, 5, 5, 0, 4, 0)",12,Assign_Doctor,215.919
"(5, 4, 4, 5, 0, 5, 2)",12,Assign_Doctor,202.625
"(4, 4, 4, 5, 1, 3, 1)",12,Assign_Doctor,190.006
"(4, 4, 5, 4, 0, 4, 1)",12,Assign_Doctor,183.584
"(5, 5, 4, 5, 0, 2, 3)",12,Assign_Bed,176.074
"(5, 5, 5, 4, 0, 2, 1)",12,Assign_Doctor,168.6
"(5, 2, 4, 5, 0, 1, 2)",12,Assign_Doctor,164.119
"(5, 1, 4, 5, 0, 1, 1)",12,Assign_Bed,140.524
"(4, 4, 4, 5, 0, 5, 3)",12,Assign_Bed,131.798
"(5, 1, 5, 5, 1, 3, 4)",12,Assign_Doctor,126.976
"(5, 4, 5, 4, 0, 2, 1)",12,Assign_Bed,126.254
"(3, 5, 5, 5, 0, 1, 3)",12,Assign_Ventilator,114.307
"(3, 4, 5, 5, 0, 1, 2)",12,Assign_Nurse,112.291
"(4, 4, 5, 4, 0, 2, 2)",12,Assign_Bed,112.064
"(5, 4, 4, 5, 1, 2, 4)",12,Assign_Nurse,110.422
"(4, 5, 4, 5, 0, 3, 2)",12,Assign_Bed,109.818
"(5, 5, 5, 5, 2, 5, 3)",12,Assign_Doctor,102.77
"(5, 4, 4, 5, 0, 3, 0)",12,Assign_Bed,97.387
"(5, 4, 5, 5, 2, 4, 4)",12,Assign_Bed,86.02
"(4, 0, 4, 5, 0, 1, 2)",12,Assign_Bed,82.917
"(4, 5, 5, 5, 2, 2, 2)",12,Assign_Doctor,82.577
"(5, 1, 4, 5, 0, 2, 2)",12,Assign_Doctor,79.846
"(4, 4, 4, 5, 0, 5, 2)",12,Assign_Bed,75.011
"(4, 1, 5, 5, 1, 4, 0)",12,Assign_Bed,73.358
"(4, 2, 5, 5, 2, 3, 3)",12,Assign_Bed,70.183
"(5, 3, 4, 5, 1, 4, 1)",12,Assign_Doctor,68.345
"(5, 0, 4, 5, 0, 2, 1)",12,Assign_Doctor,66.39
"(3, 4, 5, 5, 1, 4, 2)",12,Assign_Doctor,63.72
"(4, 3, 5, 5, 3, 5, 1)",12,Assign_Doctor,63.449
"(5, 3, 5, 5, 2, 2, 3)",12,Assign_Bed,61.566
"(4, 5, 5, 4, 0, 1, 3)",12,Assign_Nurse,61.339
"(5, 2, 5, 5, 3, 5, 3)",12,Assign_Bed,55.5
"(4, 5, 5, 5, 2, 3, 3)",12,Assign_Bed,53.228
"(3, 5, 5, 5, 0, 1, 2)",12,Assign_Bed,52.573
"(4, 3, 5, 5, 3, 5, 2)",12,Assign_Bed,49.292
"(5, 2, 4, 5, 0, 0, 1)",12,Assign_Doctor,47.939
"(5, 0, 5, 5, 1, 1, 3)",12,Assign_Doctor,35.984
"(4, 2, 5, 5, 3, 5, 3)",12,Assign_Bed,31.923
"(3, 5, 5, 5, 0, 5, 2)",12,Assign_Bed,26.278
"(5, 4, 4, 5, 0, 2, 0)",11,Assign_Ventilator,260.364
"(4, 5, 4, 5, 0, 2, 2)",11,Assign_Doctor,249.946
"(4, 4, 4, 5, 0, 1, 4)",11,Assign_Ventilator,224.417
"(4, 5, 5, 4, 0, 1, 1)",11,Assign_Doctor,164.951
"(4, 4, 4, 5, 1, 3, 3)",11,Transfer,149.829
"(5, 3, 4, 5, 0, 4, 2)",11,Assign_Bed,137.615
"(3, 4, 5, 5, 0, 0, 2)",11,Assign_Bed,127.3
"(5, 1, 5, 5, 1, 5, 0)",11,Assign_Doctor,126.255
"(5, 4, 5, 4, 0, 2, 3)",11,Assign_Bed,125.816
"(4, 3, 5, 4, 0, 3, 4)",11,Assign_Bed,123.729
"(5, 4, 4, 5, 1, 4, 1)",11,Assign_Doctor,112.266
"(4, 3, 5, 5, 2, 3, 0)",11,Assign_Doctor,112.214
"(4, 5, 5, 4, 1, 3, 1)",11,Assign_Doctor,102.298
"(4, 4, 5, 4, 0, 2, 3)",11,Assign_Bed,95.086
"(4, 1, 4, 5, 0, 2, 2)",11,Assign_Bed,92.738
"(5, 3, 5, 4, 1, 2, 3)",11,Assign_Doctor,92.498
"(5, 2, 5, 5, 1, 2, 0)",11,Assign_Doctor,89.92
"(4, 1, 5, 5, 1, 3, 4)",11,Assign_Bed,89.175
"(4, 1, 5, 5, 1, 2, 4)",11,Assign_Doctor,85.553
"(5, 3, 4, 5, 0, 4, 1)",11,Assign_Bed,84.659
"(5, 2, 5, 5, 2, 5, 0)",11,Assign_Bed,82.028
"(5, 5, 4, 5, 0, 3, 1)",11,Assign_Bed,79.884
"(4, 4, 4, 5, 1, 4, 2)",11,Assign_Bed,79.829
"(3, 4, 5, 5, 1, 5, 1)",11,Assign_Doctor,76.112
"(5, 2, 5, 5, 1, 3, 0)",11,Delay,74.815
"(4, 3, 4, 5, 1, 3, 1)",11,Assign_Doctor,71.389
"(4, 3, 5, 5, 2, 4, 1)",11,Assign_Doctor,68.32
"(5, 1, 4, 5, 0, 2, 4)",11,Assign_Nurse,56.636
"(4, 4, 5, 5, 3, 5, 3)",11,Assign_Bed,56.368
"(5, 5, 5, 5, 2, 3, 2)",11,Assign_Nurse,49.723
"(4, 0, 5, 5, 1, 2, 4)",11,Assign_Bed,49.38
"(5, 2, 5, 5, 2, 3, 4)",11,Assign_Bed,41.752
"(3, 4, 5, 5, 0, 0, 3)",11,Assign_Bed,38.025
"(4, 4, 5, 5, 2, 2, 0)",11,Assign_Doctor,30.43
"(4, 1, 5, 5, 2, 4, 1)",11,Assign_Bed,14.955
"(5, 5, 4, 5, 0, 2, 4)",10,Assign_Doctor,308.316
"(5, 4, 4, 5, 1, 4, 2)",10,Assign_Doctor,158.682
"(5, 3, 4, 5, 1, 5, 3)",10,Assign_Doctor,140.92
"(5, 5, 5, 5, 1, 5, 0)",10,Assign_Bed,128.427
"(4, 1, 5, 5, 0, 2, 0)",10,Assign_Bed,123.048
"(5, 3, 5, 4, 0, 3, 3)",10,Assign_Bed,122.594
"(5, 4, 4, 5, 1, 3, 0)",10,Assign_Bed,116.817
"(5, 3, 4, 5, 1, 2, 2)",10,Assign_Bed,108.631
"(5, 3, 4, 5, 1, 3, 4)",10,Assign_Bed,106.538
"(5, 4, 4, 5, 2, 5, 1)",10,Assign_Doctor,98.842
"(5, 4, 5, 4, 1, 2, 3)",10,Assign_Bed,95.25
"(5, 0, 5, 5, 1, 2, 4)",10,Assign_Bed,94.853
"(5, 0, 5, 5, 0, 5, 4)",10,Assign_Bed,91.326
"(5, 4, 4, 5, 0, 5, 1)",10,Assign_Bed,90.993
"(4, 0, 5, 5, 1, 3, 4)",10,Assign_Doctor,85.96
"(5, 0, 5, 5, 0, 2, 0)",10,Assign_Doctor,75.196
"(5, 2, 5, 5, 2, 4, 3)",10,Assign_Doctor,73.551
"(3, 4, 5, 5, 1, 5, 2)",10,Assign_Doctor,67.594
"(3, 4, 5, 5, 0, 0, 1)",10,Assign_Bed,66.254
"(4, 5, 5, 5, 2, 5, 0)",10,Assign_Bed,62.832
"(4, 2, 5, 5, 3, 5, 2)",10,Assign_Doctor,60.936
"(5, 2, 5, 5, 3, 5, 1)",10,Assign_Doctor,60.463
"(5, 4, 4, 5, 2, 5, 2)",10,Assign_Doctor,54.987
"(4, 1, 5, 5, 3, 5, 1)",10,Assign_Doctor,53.183
"(5, 5, 5, 5, 0, 5, 0)",10,Assign_Bed,52.897
"(4, 3, 5, 5, 2, 2, 1)",10,Assign_Doctor,48.208
"(5, 2, 4, 5, 1, 2, 1)",10,Assign_Bed,47.923
"(5, 3, 5, 4, 0, 2, 3)",10,Assign_Ventilator,46.647
"(5, 5, 4, 5, 1, 1, 2)",10,Assign_Bed,45.585
"(5, 4, 4, 5, 2, 5, 3)",10,Assign_Bed,44.636
"(5, 3, 5, 5, 2, 5, 0)",10,Assign_Bed,43.919
"(5, 5, 5, 4, 0, 2, 2)",10,Assign_Bed,43.501
"(4, 4, 5, 5, 2, 3, 0)",10,Assign_Bed,42.985
"(5, 0, 4, 5, 0, 0, 1)",10,Assign_Doctor,42.699
"(5, 0, 5, 5, 1, 1, 1)",10,Assign_Nurse,4.851
"(4, 5, 5, 4, 0, 0, 3)",9,Assign_Doctor,228.521
"(4, 3, 4, 5, 0, 0, 1)",9,Assign_Bed,199.631
"(5, 3, 5, 4, 0, 2, 2)",9,Assign_Ventilator,170.458
"(5, 4, 5, 4, 0, 0, 4)",9,Assign_Bed,156.667
"(5, 4, 5, 4, 0, 3, 1)",9,Assign_Bed,149.558
"(4, 1, 4, 5, 0, 2, 3)",9,Assign_Doctor,142.38
"(5, 4, 4, 5, 1, 3, 4)",9,Assign_Bed,139.188
"(5, 5, 4, 5, 1, 5, 2)",9,Assign_Doctor,121.368
"(3, 4, 5, 5, 0, 1, 3)",9,Assign_Doctor,112.195
"(4, 4, 4, 5, 0, 4, 1)",9,Assign_Bed,108.134
"(4, 5, 4, 5, 1, 1, 3)",9,Assign_Bed,103.31
"(5, 3, 4, 5, 0, 5, 4)",9,Assign_Bed,102.824
"(4, 3, 4, 5, 0, 0, 3)",9,Assign_Doctor,100.773
"(5, 0, 5, 5, 0, 4, 4)",9,Assign_Bed,97.108
"(4, 0, 5, 5, 1, 5, 4)",9,Assign_Bed,89.959
"(5, 3, 4, 5, 1, 5, 2)",9,Assign_Doctor,88.46
"(3, 5, 5, 5, 0, 1, 1)",9,Assign_Doctor,87.66
"(4, 1, 5, 5, 0, 4, 0)",9,Assign_Bed,87.4
"(4, 2, 5, 5, 1, 2, 0)",9,Assign_Doctor,82.554
"(4, 1, 5, 5, 1, 5, 0)",9,Assign_Doctor,79.52
"(5, 5, 4, 5, 1, 5, 3)",9,Assign_Bed,76.17
"(5, 1, 4, 5, 0, 2, 3)",9,Assign_Bed,74.648
"(4, 4, 5, 5, 2, 5, 0)",9,Assign_Doctor,74.608
"(4, 5, 5, 5, 2, 4, 0)",9,Assign_Doctor,72.461
"(4, 1, 5, 5, 1, 1, 4)",9,Assign_Bed,71.4
"(5, 3, 5, 5, 2, 3, 0)",9,Assign_Doctor,70.575
"(5, 4, 4, 5, 2, 4, 2)",9,Assign_Doctor,65.63
"(4, 0, 5, 5, 0, 4, 0)",9,Assign_Bed,62.67
"(4, 3, 4, 5, 0, 4, 1)",9,Assign_Doctor,60.789
"(5, 4, 5, 5, 3, 5, 1)",9,Assign_Doctor,60.161
"(4, 3, 5, 5, 2, 2, 2)",9,Assign_Doctor,56.294
"(5, 4, 4, 5, 1, 5, 0)",9,Transfer,54.927
"(4, 3, 5, 5, 2, 4, 3)",9,Assign_Bed,50.173
"(4, 1, 5, 5, 2, 3, 3)",9,Assign_Bed,49.115
"(5, 3, 5, 5, 2, 2, 2)",9,Assign_Bed,48.043
"(4, 4, 5, 4, 0, 5, 1)",9,Assign_Doctor,44.196
"(5, 4, 4, 5, 2, 4, 3)",9,Assign_Bed,39.049
"(5, 3, 4, 5, 1, 4, 3)",9,Assign_Bed,36.751
"(4, 1, 5, 5, 3, 5, 3)",9,Assign_Bed,35.131
"(5, 5, 5, 4, 1, 3, 2)",9,Assign_Bed,26.372
"(4, 4, 5, 4, 0, 4, 2)",9,Assign_Bed,22.586
"(5, 0, 4, 5, 0, 1, 1)",9,Transfer,20.265
"(4, 3, 5, 5, 2, 2, 3)",9,Assign_Ventilator,6.792
"(4, 4, 4, 5, 0, 0, 4)",8,Assign_Bed,357.152
"(4, 5, 4, 5, 0, 0, 0)",8,Assign_Bed,220.37
"(5, 3, 4, 5, 0, 3, 4)",8,Assign_Bed,194.63
"(5, 2, 4, 5, 0, 2, 4)",8,Assign_Bed,160.241
"(4, 5, 5, 4, 0, 0, 2)",8,Assign_Bed,144.314
"(5, 2, 4, 5, 0, 3, 3)",8,Assign_Bed,136.017
"(4, 4, 4, 5, 0, 2, 0)",8,Assign_Nurse,123.443
"(4, 0, 5, 5, 0, 5, 4)",8,Assign_Bed,120.085
"(5, 5, 4, 5, 0, 4, 2)",8,Assign_Bed,119.671
"(4, 5, 4, 5, 1, 2, 4)",8,Assign_Doctor,119.532
"(4, 4, 4, 5, 0, 2, 4)",8,Assign_Bed,112.644
"(5, 5, 4, 5, 1, 1, 3)",8,Assign_Bed,110.026
"(4, 4, 4, 5, 1, 5, 3)",8,Assign_Bed,109.059
"(4, 3, 4, 5, 1, 3, 3)",8,Assign_Bed,106.123
"(5, 5, 5, 5, 2, 4, 4)",8,Assign_Bed,104.056
"(5, 2, 4, 5, 1, 2, 2)",8,Assign_Doctor,97.801
"(5, 2, 5, 5, 1, 5, 0)",8,Assign_Bed,94.249
"(4, 2, 5, 5, 2, 5, 4)",8,Assign_Doctor,94.055
"(3, 3, 5, 5, 0, 1, 1)",8,Transfer,88.145
"(4, 3, 4, 5, 0, 0, 2)",8,Assign_Doctor,80.073
"(5, 5, 4, 5, 0, 5, 1)",8,Assign_Doctor,78.133
"(5, 3, 4, 5, 1, 4, 2)",8,Assign_Bed,76.651
"(5, 1, 4, 5, 0, 1, 3)",8,Assign_Bed,74.535
"(4, 4, 4, 5, 1, 1, 4)",8,Assign_Nurse,72.765
"(4, 1, 4, 5, 1, 4, 1)",8,Assign_Doctor,66.575
"(4, 4, 4, 5, 1, 4, 4)",8,Assign_Bed,63.395
"(5, 5, 5, 4, 0, 1, 4)",8,Assign_Nurse,61.573
"(4, 4, 5, 4, 0, 5, 2)",8,Assign_Bed,57.539
"(3, 4, 5, 5, 0, 5, 1)",8,Assign_Doctor,57.254
"(5, 1, 5, 4, 0, 1, 1)",8,Assign_Doctor,57.13
"(5, 2, 5, 4, 1, 2, 1)",8,Assign_Doctor,56.047
"(4, 1, 5, 5, 2, 3, 2)",8,Assign_Doctor,55.832
"(5, 3, 4, 5, 1, 2, 1)",8,Assign_Bed,54.835
"(4, 3, 4, 5, 1, 2, 1)",8,Delay,50.573
"(5, 4, 4, 5, 0, 4, 1)",8,Delay,50.512
"(5, 3, 4, 5, 1, 5, 1)",8,Assign_Bed,49.912
"(4, 0, 5, 5, 2, 5, 4)",8,Assign_Doctor,45.66
"(5, 0, 5, 5, 1, 4, 0)",8,Assign_Nurse,41.833
"(4, 1, 5, 5, 1, 1, 0)",8,Assign_Bed,41.633
"(5, 3, 5, 5, 3, 5, 4)",8,Assign_Bed,41.354
"(5, 5, 5, 4, 1, 3, 1)",8,Assign_Bed,41.035
"(3, 5, 5, 5, 0, 5, 4)",8,Assign_Bed,38.415
"(4, 2, 5, 5, 3, 5, 1)",8,Assign_Doctor,37.266
"(4, 4, 5, 5, 2, 4, 0)",8,Assign_Nurse,36.069
"(4, 5, 5, 5, 2, 3, 4)",8,Assign_Nurse,33.49
"(3, 4, 5, 5, 0, 5, 2)",8,Assign_Bed,31.345
"(4, 5, 5, 4, 0, 5, 1)",8,Assign_Bed,28.92
"(4, 0, 5, 5, 1, 1, 1)",8,Assign_Doctor,28.739
"(5, 0, 5, 5, 1, 1, 2)",8,Assign_Doctor,24.364
"(5, 4, 4, 5, 0, 4, 3)",8,Delay,19.835
"(5, 4, 4, 5, 2, 4, 1)",8,Assign_Bed,18.523
"(5, 5, 5, 5, 2, 2, 2)",8,Assign_Bed,17.487
"(5, 2, 5, 5, 2, 3, 0)",8,Assign_Bed,16.17
"(2, 5, 5, 5, 0, 0, 1)",8,Assign_Bed,10.385
"(4, 4, 4, 5, 0, 1, 0)",7,Assign_Bed,244.18
"(4, 2, 4, 5, 0, 2, 4)",7,Assign_Bed,208.463
"(5, 5, 5, 4, 0, 0, 0)",7,Assign_Nurse,176.936
"(4, 3, 4, 5, 0, 3, 1)",7,Assign_Bed,168.821
"(4, 3, 4, 5, 0, 1, 3)",7,Assign_Doctor,164.62
"(5, 3, 4, 5, 0, 1, 0)",7,Assign_Bed,149.656
"(5, 5, 4, 4, 0, 1, 1)",7,Transfer,147.566
"(4, 5, 5, 5, 1, 5, 4)",7,Assign_Bed,132.559
"(5, 3, 4, 5, 0, 3, 0)",7,Assign_Bed,132.422
"(4, 3, 4, 5, 0, 2, 0)",7,Assign_Bed,131.47
"(4, 3, 4, 5, 0, 1, 2)",7,Assign_Bed,121.138
"(5, 1, 4, 5, 0, 1, 2)",7,Assign_Doctor,108.516
"(5, 1, 4, 5, 0, 0, 2)",7,Assign_Bed,105.295
"(4, 4, 4, 5, 1, 4, 3)",7,Assign_Doctor,104.583
"(5, 4, 5, 4, 0, 1, 4)",7,Assign_Bed,100.471
"(4, 4, 4, 5, 0, 5, 0)",7,Assign_Doctor,88.694
"(5, 5, 4, 5, 1, 5, 1)",7,Assign_Bed,88.363
"(5, 3, 5, 4, 0, 0, 2)",7,Assign_Doctor,82.104
"(5, 5, 5, 5, 1, 4, 0)",7,Assign_Bed,81.696
"(4, 5, 5, 5, 1, 4, 0)",7,Assign_Bed,76.974
"(4, 0, 5, 5, 1, 4, 4)",7,Assign_Bed,70.326
"(5, 3, 5, 4, 0, 2, 1)",7,Assign_Bed,69.741
"(5, 5, 4, 5, 0, 4, 1)",7,Assign_Doctor,67.312
"(5, 4, 5, 4, 1, 3, 1)",7,Assign_Nurse,66.973
"(4, 0, 5, 5, 1, 4, 0)",7,Assign_Doctor,60.637
"(4, 1, 5, 5, 2, 5, 0)",7,Assign_Doctor,56.774
"(5, 1, 5, 5, 1, 1, 4)",7,Assign_Bed,56.745
"(4, 3, 5, 5, 3, 5, 3)",7,Assign_Doctor,56.074
"(4, 4, 5, 4, 1, 3, 1)",7,Assign_Bed,53.101
"(5, 2, 4, 5, 1, 1, 2)",7,Assign_Bed,52.002
"(4, 5, 5, 5, 1, 5, 0)",7,Assign_Nurse,51.976
"(5, 3, 5, 4, 1, 5, 3)",7,Assign_Doctor,51.951
"(4, 5, 5, 5, 3, 5, 1)",7,Assign_Doctor,48.543
"(4, 0, 5, 5, 1, 3, 0)",7,Assign_Doctor,46.301
"(3, 4, 5, 5, 1, 5, 3)",7,Assign_Bed,43.945
"(4, 2, 5, 5, 2, 2, 3)",7,Assign_Doctor,43.93
"(5, 4, 5, 4, 1, 2, 2)",7,Assign_Doctor,42.019
"(5, 0, 5, 5, 2, 5, 2)",7,Assign_Doctor,41.289
"(3, 4, 5, 5, 1, 4, 1)",7,Assign_Doctor,40.123
"(4, 4, 4, 5, 1, 1, 0)",7,Assign_Bed,36.949
"(5, 3, 5, 4, 1, 5, 4)",7,Assign_Bed,36.545
"(5, 1, 5, 5, 2, 4, 1)",7,Assign_Doctor,35.625
"(4, 1, 5, 5, 2, 4, 2)",7,Assign_Bed,34.549
"(4, 4, 4, 5, 2, 5, 1)",7,Assign_Bed,33.566
"(5, 5, 4, 5, 1, 3, 2)",7,Assign_Bed,27.968
"(3, 3, 5, 5, 1, 3, 2)",7,Assign_Bed,25.192
"(4, 2, 5, 5, 2, 2, 1)",7,Assign_Doctor,16.126
"(5, 4, 4, 5, 0, 4, 2)",7,Assign_Ventilator,5.608
"(5, 3, 4, 5, 0, 0, 4)",6,Assign_Doctor,232.422
"(5, 4, 5, 4, 0, 3, 2)",6,Assign_Bed,183.153
"(4, 2, 4, 5, 0, 1, 3)",6,Assign_Bed,122.67
"(5, 2, 4, 5, 0, 3, 2)",6,Assign_Bed,111.951
"(5, 2, 4, 5, 0, 1, 3)",6,Assign_Doctor,96.206
"(5, 4, 5, 4, 0, 2, 4)",6,Assign_Bed,95.264
"(5, 5, 4, 5, 1, 1, 4)",6,Assign_Doctor,90.342
"(5, 3, 4, 5, 1, 1, 0)",6,Assign_Bed,87.409
"(4, 3, 4, 5, 0, 3, 3)",6,Assign_Bed,86.122
"(4, 5, 4, 5, 1, 4, 2)",6,Assign_Doctor,80.043
"(4, 3, 4, 5, 1, 5, 1)",6,Assign_Bed,77.384
"(4, 5, 4, 5, 1, 3, 2)",6,Assign_Doctor,74.567
"(5, 5, 5, 5, 2, 5, 4)",6,Assign_Doctor,72.691
"(4, 4, 5, 4, 0, 4, 3)",6,Assign_Bed,71.631
"(4, 4, 5, 4, 0, 0, 4)",6,Assign_Bed,62.998
"(4, 3, 5, 4, 0, 1, 2)",6,Assign_Ventilator,62.022
"(5, 3, 5, 4, 1, 5, 1)",6,Assign_Doctor,59.146
"(4, 3, 4, 5, 0, 3, 2)",6,Transfer,58.473
"(5, 4, 5, 5, 2, 4, 0)",6,Assign_Doctor,56.465
"(4, 3, 4, 5, 1, 1, 1)",6,Assign_Bed,52.943
"(5, 0, 4, 5, 0, 2, 4)",6,Assign_Bed,52.702
"(3, 4, 5, 5, 0, 5, 4)",6,Assign_Bed,49.646
"(5, 2, 4, 5, 0, 0, 2)",6,Assign_Bed,47.67
"(5, 3, 5, 4, 0, 0, 1)",6,Assign_Doctor,46.73
"(5, 5, 4, 5, 2, 4, 1)",6,Assign_Doctor,46.345
"(5, 2, 4, 5, 0, 1, 1)",6,Assign_Doctor,44.085
"(3, 5, 5, 5, 0, 0, 1)",6,Assign_Bed,43.784
"(4, 4, 5, 5, 3, 5, 4)",6,Assign_Bed,43.228
"(3, 4, 5, 5, 0, 5, 3)",6,Assign_Doctor,41.708
"(4, 4, 5, 4, 1, 4, 1)",6,Assign_Doctor,41.674
"(5, 5, 4, 5, 2, 4, 3)",6,Assign_Doctor,41.589
"(4, 3, 5, 4, 0, 4, 2)",6,Assign_Bed,41.165
"(4, 5, 5, 4, 1, 3, 3)",6,Assign_Bed,40.345
"(5, 3, 5, 4, 0, 5, 3)",6,Assign_Doctor,40.044
"(5, 5, 4, 5, 0, 5, 3)",6,Assign_Doctor,39.471
"(5, 5, 5, 5, 2, 2, 1)",6,Assign_Doctor,39.423
"(5, 2, 5, 5, 3, 5, 4)",6,Assign_Doctor,39.112
"(5, 5, 4, 5, 2, 5, 3)",6,Assign_Bed,38.766
"(5, 3, 5, 4, 0, 1, 3)",6,Assign_Doctor,38.574
"(5, 5, 4, 5, 1, 3, 1)",6,Assign_Bed,36.462
"(4, 4, 5, 4, 1, 5, 2)",6,Assign_Doctor,35.99
"(4, 3, 5, 4, 0, 2, 3)",6,Assign_Bed,35.773
"(3, 5, 5, 5, 2, 4, 1)",6,Assign_Doctor,34.912
"(5, 5, 5, 5, 3, 5, 1)",6,Assign_Doctor,34.338
"(5, 1, 5, 4, 0, 0, 1)",6,Assign_Bed,33.729
"(4, 3, 5, 4, 1, 1, 1)",6,Assign_Doctor,33.645
"(4, 0, 4, 5, 0, 0, 2)",6,Transfer,33.596
"(5, 5, 5, 5, 2, 4, 0)",6,Assign_Doctor,33.288
"(5, 4, 5, 5, 3, 5, 4)",6,Assign_Bed,30.883
"(4, 5, 5, 5, 2, 2, 3)",6,Assign_Bed,30.657
"(3, 3, 5, 5, 0, 1, 2)",6,Assign_Bed,30.353
"(5, 4, 4, 5, 1, 1, 0)",6,Assign_Ventilator,29.9
"(2, 5, 5, 5, 0, 0, 3)",6,Assign_Bed,29.856
"(3, 5, 5, 5, 1, 4, 1)",6,Assign_Doctor,29.632
"(4, 4, 5, 4, 1, 1, 3)",6,Assign_Bed,29.467
"(5, 3, 5, 4, 1, 2, 2)",6,Assign_Nurse,29.258
"(4, 5, 5, 4, 2, 4, 2)",6,Assign_Bed,25.212
"(2, 5, 5, 5, 0, 0, 2)",6,Assign_Bed,22.299
"(3, 3, 5, 5, 1, 4, 3)",6,Assign_Nurse,20.368
"(4, 3, 5, 4, 1, 1, 2)",6,Assign_Doctor,17.619
"(5, 5, 5, 4, 0, 2, 3)",6,Assign_Bed,17.513
"(3, 3, 5, 5, 1, 3, 1)",6,Assign_Bed,11.808
"(5, 3, 5, 4, 1, 2, 1)",6,Assign_Bed,11.237
"(4, 0, 4, 5, 0, 2, 1)",6,Assign_Bed,10.717
"(5, 5, 5, 4, 1, 2, 1)",6,Assign_Bed,7.155
"(5, 4, 5, 4, 1, 1, 2)",6,Assign_Ventilator,5.42
"(5, 4, 5, 4, 1, 5, 1)",6,Assign_Doctor,0.0
"(4, 4, 4, 5, 0, 0, 0)",5,Assign_Doctor,206.053
"(5, 3, 5, 4, 0, 0, 0)",5,Assign_Doctor,141.959
"(4, 5, 5, 4, 0, 1, 4)",5,Assign_Bed,123.879
"(5, 4, 4, 5, 0, 5, 3)",5,Assign_Ventilator,111.405
"(4, 2, 4, 5, 0, 0, 3)",5,Assign_Doctor,109.287
"(5, 4, 4, 5, 1, 4, 3)",5,Assign_Doctor,105.208
"(4, 5, 4, 5, 0, 3, 4)",5,Assign_Ventilator,100.591
"(4, 4, 4, 5, 0, 4, 2)",5,Assign_Bed,88.903
"(5, 5, 4, 5, 0, 3, 4)",5,Assign_Doctor,87.611
"(5, 1, 4, 5, 0, 0, 3)",5,Assign_Doctor,86.44
"(4, 4, 4, 5, 1, 5, 2)",5,Assign_Doctor,84.3
"(4, 1, 4, 5, 0, 2, 4)",5,Assign_Doctor,83.211
"(5, 2, 4, 5, 0, 4, 2)",5,Assign_Bed,81.795
"(4, 4, 4, 5, 0, 3, 4)",5,Assign_Ventilator,81.409
"(5, 3, 4, 5, 1, 3, 0)",5,Assign_Bed,76.35
"(4, 5, 5, 5, 1, 1, 0)",5,Assign_Ventilator,72.21
"(4, 3, 4, 5, 1, 4, 2)",5,Assign_Bed,71.911
"(3, 4, 5, 5, 0, 1, 4)",5,Assign_Bed,71.589
"(4, 3, 4, 5, 1, 5, 2)",5,Assign_Doctor,69.558
"(4, 4, 5, 4, 1, 3, 2)",5,Assign_Bed,67.406
"(4, 4, 4, 5, 0, 4, 3)",5,Assign_Doctor,65.948
"(5, 2, 5, 4, 0, 0, 3)",5,Assign_Doctor,64.793
"(5, 1, 5, 5, 1, 3, 0)",5,Assign_Doctor,63.991
"(4, 2, 5, 5, 2, 5, 0)",5,Assign_Bed,62.868
"(5, 3, 4, 5, 1, 5, 4)",5,Assign_Bed,61.3
"(4, 2, 5, 5, 2, 3, 4)",5,Assign_Bed,59.029
"(5, 2, 4, 5, 0, 3, 4)",5,Assign_Bed,58.552
"(4, 5, 4, 5, 1, 3, 3)",5,Assign_Bed,56.469
"(3, 3, 5, 5, 0, 5, 1)",5,Assign_Doctor,54.927
"(5, 3, 5, 5, 2, 4, 4)",5,Assign_Bed,52.744
"(5, 2, 4, 5, 1, 1, 1)",5,Assign_Doctor,51.859
"(4, 5, 4, 5, 2, 5, 1)",5,Assign_Doctor,49.454
"(5, 5, 5, 5, 2, 3, 0)",5,Assign_Doctor,44.473
"(4, 3, 5, 4, 0, 2, 1)",5,Assign_Bed,44.148
"(4, 1, 5, 5, 2, 5, 4)",5,Assign_Bed,44.017
"(5, 1, 5, 4, 0, 1, 3)",5,Assign_Bed,42.843
"(5, 1, 5, 5, 2, 5, 0)",5,Assign_Bed,39.69
"(5, 1, 4, 5, 1, 4, 4)",5,Assign_Bed,39.4
"(4, 3, 5, 5, 2, 2, 4)",5,Assign_Doctor,37.93
"(4, 1, 5, 5, 1, 2, 0)",5,Assign_Doctor,37.0
"(5, 2, 5, 5, 2, 2, 2)",5,Assign_Bed,36.552
"(4, 0, 4, 5, 0, 2, 2)",5,Assign_Doctor,35.344
"(5, 2, 4, 5, 1, 1, 3)",5,Assign_Doctor,34.744
"(5, 4, 5, 4, 1, 5, 3)",5,Assign_Doctor,34.354
"(4, 5, 4, 5, 2, 5, 2)",5,Assign_Doctor,33.719
"(4, 4, 4, 4, 0, 2, 2)",5,Assign_Doctor,32.939
"(5, 5, 5, 5, 2, 3, 4)",5,Assign_Bed,31.045
"(4, 4, 5, 4, 1, 2, 2)",5,Assign_Bed,29.791
"(5, 0, 4, 5, 1, 4, 4)",5,Transfer,29.687
"(5, 5, 4, 5, 2, 3, 2)",5,Assign_Doctor,29.486
"(5, 5, 5, 5, 3, 5, 2)",5,Assign_Doctor,29.456
"(4, 1, 5, 5, 4, 5, 1)",5,Assign_Doctor,29.454
"(4, 2, 5, 5, 4, 5, 1)",5,Assign_Doctor,29.051
"(5, 2, 5, 5, 2, 4, 4)",5,Assign_Bed,28.849
"(4, 1, 4, 5, 0, 1, 3)",5,Assign_Doctor,28.614
"(5, 2, 5, 4, 0, 0, 1)",5,Assign_Doctor,27.501
"(4, 5, 4, 5, 1, 1, 2)",5,Assign_Bed,27.443
"(4, 5, 4, 5, 2, 2, 2)",5,Assign_Doctor,26.3
"(4, 5, 4, 5, 0, 5, 0)",5,Assign_Nurse,26.228
"(5, 2, 5, 5, 3, 5, 0)",5,Assign_Doctor,26.054
"(5, 3, 4, 5, 1, 2, 3)",5,Assign_Bed,25.702
"(5, 5, 5, 4, 1, 2, 2)",5,Assign_Doctor,24.915
"(4, 5, 4, 5, 2, 5, 3)",5,Assign_Bed,23.989
"(4, 2, 4, 5, 0, 1, 2)",5,Assign_Doctor,23.98
"(5, 5, 5, 5, 3, 5, 3)",5,Assign_Bed,23.939
"(4, 5, 5, 4, 1, 4, 2)",5,Assign_Bed,23.867
"(4, 3, 5, 5, 2, 4, 4)",5,Assign_Bed,23.641
"(5, 3, 5, 5, 3, 5, 0)",5,Assign_Doctor,22.771
"(5, 4, 5, 4, 0, 5, 3)",5,Assign_Bed,22.709
"(5, 4, 5, 4, 1, 2, 1)",5,Assign_Doctor,21.935
"(5, 1, 5, 5, 2, 4, 2)",5,Assign_Bed,19.682
"(4, 5, 4, 5, 1, 1, 0)",5,Assign_Bed,18.983
"(4, 5, 4, 5, 1, 5, 1)",5,Assign_Nurse,18.46
"(4, 2, 5, 5, 4, 5, 3)",5,Assign_Bed,17.95
"(3, 4, 5, 5, 1, 4, 3)",5,Assign_Bed,17.681
"(5, 4, 5, 4, 0, 5, 2)",5,Assign_Bed,17.607
"(4, 3, 5, 5, 3, 4, 2)",5,Assign_Bed,17.582
"(4, 5, 5, 4, 0, 5, 3)",5,Assign_Bed,14.937
"(5, 4, 5, 5, 3, 5, 3)",5,Assign_Bed,13.657
"(5, 0, 4, 5, 0, 1, 3)",5,Assign_Nurse,13.567
"(4, 2, 5, 5, 2, 2, 2)",5,Assign_Bed,13.548
"(4, 5, 5, 5, 3, 5, 3)",5,Assign_Bed,11.715
"(4, 4, 5, 4, 1, 1, 2)",5,Assign_Nurse,9.276
"(4, 0, 5, 5, 2, 5, 1)",5,Transfer,8.778
"(4, 3, 4, 5, 1, 4, 3)",5,Assign_Bed,8.138
"(5, 4, 5, 4, 0, 4, 1)",5,Assign_Bed,4.519
"(5, 0, 5, 5, 1, 1, 0)",5,Assign_Doctor,4.514
